_id,artist_name,danceability,duration_ms,genre,loudness,popularity,track_name
_id,artist_name,danceability,duration_ms,genre,loudness,popularity,b'gAAAAABjkoCaXR2NRzE7W0mLh7y8oADbCvEZ7RebkAgrcfF8XOp9WjeK-ImVdMysqSmGao1ozhJWHSNKI-rjZS4IWZnb3IzeTA=='
6391ea673ce0404724678dcb,Henri Salvador,0.389,99373,Movie,-1.828,0,b'gAAAAABjkoCaCq0l07YYtvFOHi076ymxp3nqyC-NK4mHV3w0lqhifdUaLzmXF7p4f-AR_NJtTVzx3LgfDcEHbZDaVT6ZELG5r-G8_CRLjY9-wStKegMC7Gk='
6391ea673ce0404724678dcc,Martin & les fÃ©es,0.59,137373,Movie,-5.559,1,b'gAAAAABjkoCaRcl9rYjjJyrRFPOpbWSrzl34CqJgGzYbDXTLZwRmXdX1uY0oDiplVUAnTIVSjwQNnuvZuJgaBJQLsL0h9xfAO920JUWPTWU8uBGWFr_vm3kiuvCVei9eYsvTbWyFVj0-'
6391ea673ce0404724678dcd,Joseph Williams,0.663,170267,Movie,-13.879,3,b'gAAAAABjkoCaDO8OERJgqgrfAce1zGQBaQhPuPqyHQZcr4-IE-0GGwZs67rOs0Inx4SKHjJWNLnMQwWjenaY0fDMFnEchUWEecJADefyna1tTftAsBPIwsY='
6391ea673ce0404724678dce,Henri Salvador,0.24,152427,Movie,-12.178,0,b'gAAAAABjkoCaExteC-2_Nny5KRi9qGgWEha1n0cixGYx5voFEzOu_zcI_3PAdFH6TqardynTAAH3hXUCHsTfPyQsuBIxzcyNIbYhUpWI0CIfdaXRGrxDwVM='
6391ea673ce0404724678dcf,Fabien Nataf,0.331,82625,Movie,-21.15,4,b'gAAAAABjkoCad34cApB27dRAN_Bj3NbKnpEcD19T7uEy9XUq_lR2_xmDrQaM0qGbGCqUkIn3gHWyrhoPZ3XtLVWk0QrARW_gYA=='
6391ea673ce0404724678dd0,Henri Salvador,0.578,160627,Movie,-14.97,0,b'gAAAAABjkoCabVX5mh2iSAigEwcw-AY6pK-LMw8pZOVDzp1fghPCTOVd7X2tzi2E0srxFOQHneS5LgwQVvnSC4mKSqae7SrZAKP6xVLe1RaoCae2XBHCaaQ='
6391ea673ce0404724678dd1,Martin & les fÃ©es,0.703,212293,Movie,-12.675,2,b'gAAAAABjkoCau42mQhuh5pIBQ9l4drSNT6bn7whlDPxUBYekhVX86R3pbNqrIV_j5TUBo6fjWUpxuVJk8bq-iC1Oh1c6RjtP8l0_m8g2VOOBtI4O0UMJP61mFBmXUPJLzrM9z6sw1AjqGkNzRXpS9oaVFz6atVl-BCWCaVnASH0IQjVR7-rMHnTdL8pdCXtd2zRpaqkGk3JIwu_8Ss5f334hByDEtLuS-kSsPhO-eVueRWtQvJH3s5g='
6391ea673ce0404724678dd2,Laura Mayne,0.416,240067,Movie,-8.949,15,b'gAAAAABjkoCa6ue9tYGiVaD3YvOrovd8GJ7l214-okAfyI_X0KjHLxvIuhzQ5vYviV24PJpt6BUKDAcB9cdhyqIGkFB8w6aQqg=='
6391ea673ce0404724678dd3,Chorus,0.734,226200,Movie,-7.725,0,b'gAAAAABjkoCaPchBxKFvEcsfQTXDmcPDwDHKo6d-_JB5mqbWtJ51Wx6Sc69l-n6mt58-3XkuVZJjwnXDU34LD9dv0afHnlAq_A=='
6391ea673ce0404724678dd4,Le Club des Juniors,0.598,152694,Movie,-7.79,10,b'gAAAAABjkoCaUh24AUnTYG36i6HqMwMhuiDSzgTfIZseg8h72N5XxANUlcm2k_qKtyDQ-aNijwUfkEL-QAclrIxOmmBz6OwTQtnLHrt3WwRGeAcqbpQifA0='
6391ea673ce0404724678dd5,Leopold Stokowski,0.191,566960,Movie,-17.239,0,b'gAAAAABjkoCas6pUcAMtQZ2VJBvlUuSYUEyLrCasSrMZhFCDRLnQUZGTBD3qz6zcOMx3nrVzzVCM7rLzhTgrkRv0dDE5xD3sIkfoJ00cDvsWXDa1LC8EcaCWC4FFBOISsarqAdoaAFSrH3_ASBBpSGbC1xX2r3R8eOHuUyR0xveICneR5u_a3IA='
6391ea673ce0404724678dd6,Randy Newman,0.23,121333,Movie,-19.051,2,b'gAAAAABjkoCa4or6awnZckKrtmIScb37pmB1s4wP-MCB4z1KE88VIxEFX6zpuHhuN2DcZ68Jzd-mQ29xytqVadtGKNt0lqiP2PWUgrRJz9RK_bqzDZklE1hUp-QlYiMwrY-2w5PRumPHyniHb19HDErIwKCMRMtWSGplFYtfC3qSzePvQ-RRWBg='
6391ea673ce0404724678dd7,Idoles De La Musique,0.68,213589,Movie,-7.702,4,b'gAAAAABjkoCaOnHV90qpsAdWyC-YC_XeOh4QVb9ylNrseTg9dTmmbtXkDse32LZ7WGdFSd1zcWGppc6SfQH2YXNEYdeBZzvoLJPiM0FeSynznFfowW6YFus='
6391ea673ce0404724678dd8,Chorus,0.758,308627,Movie,-11.966,3,b'gAAAAABjkoCa1OD70ukuxPMS1QIL_ID1bkLAtjKACVGrCDivxGzqOrLwuZw3WwE22Y9ukkwSfkdS0cMVH5ecYglnygPlZZjJ5g=='
6391ea673ce0404724678dd9,Richard M. Sherman,0.4,159253,Movie,-13.869,0,b'gAAAAABjkoCaI1F1BIbjgG04AG9QlS4a2fPtDdD-ubT9uEpbvlirvy9pnQgTN3ovIH3OKaahlHxFgeKpkOawiUhN42O-goJ9pQ=='
6391ea673ce0404724678dda,Michel Roux,0.588,2447870,Movie,-15.55,0,b'gAAAAABjkoCavLRHnJee_21Ea2MhJWdQ-lV3WPH9f_fDRggdG_4axqyx-4R43IeBT_81iX40GLxc--Mu7bGxA1SkrSmZykmpdsH7pGVQeV-68Txl941EBqwf7n-ZPnyy-4J7SZMOm9ue'
6391ea673ce0404724678ddb,Jean Claude Corbel,0.625,523424,Movie,-16.655,0,b'gAAAAABjkoCaCgF4YJW5aeKEUw3fex6QfsU55EDDndrQFEIra5zSWSJpl5V4CpWTxdD8LrUsbC99j2_wRcjXw-1_lM6Y2srN4w=='
6391ea673ce0404724678ddc,Bernard Minet,0.744,178107,Movie,-4.986,3,b'gAAAAABjkoCaBzWgF6rGTK_KFonhSRPuwJeEFGoB_2_7D47g1xwHRmj5DuqgU10wvH__KNf9YDrrqt0pf69tdPXFtaz9rZyDUQ=='
6391ea673ce0404724678ddd,Henri Salvador,0.451,194360,Movie,-8.73,1,b'gAAAAABjkoCal_j1pdwqCQWM2fBykkfPaonuZ3wjUgQ0tuSKffy92tQDTxHijqafE1Le3vouEXtpolDeqpCrsQp7YoknnJg5WA=='
6391ea673ce0404724678dde,Amalya,0.522,207240,Movie,-5.203,4,b'gAAAAABjkoCaqw4Sf_ESHTw1UYx8_DvUliwpViddGPqGauUv4HDlgQ5EK3FNoO3FYSO6tyLZCb5oMaId6_gxqurmUojF-zADdr5NZmfGCLXr5svx1wcSUqA='
6391ea673ce0404724678ddf,Martin & les fÃ©es,0.362,219600,Movie,-6.971,1,b'gAAAAABjkoCaeJ_EE6flozKYqS6a1C1s-wd9wsQeLEYgF7gdVJ5Gim9QREmERfW23yxNyDScy6vv6P5sME5i6ECgFg5jewIfzJZKJf9z3mscQa42Lh96T6FRDhlyF3wY93yx_JuaUfph6-f9qmEwo9d0o8tPl7LED6I_CqKBKZ_WGlF1DgFRhVh6b9Fwfvy3NzmIRYsop-divnrH2Xj-RT3mHdSrgs099q2lFF3R7W4XFqjAhU2X8KL0zzqqCJk_ylsBaEKh9iNkDAuYZbhl7lweAB3O5zhBip9teKx3gwhxOw99ZNtEMZuEaHjz5s2zoUHkPZsp7PrRY0mAFr6XjdCecLmrdFIZMNFEdOpbSfoWxcFCS7Qrm2M='
6391ea673ce0404724678de0,DorothÃ©e,0.855,183467,Movie,-12.359,1,b'gAAAAABjkoCa-87OWUANyNXuUkyQAYyCrH7LRrgcGM3K4N8GRk73wda2puIZvhS4vGJ6OaSi5hSudtnA4FJX9aULrYkPBL9yeQ=='
6391ea673ce0404724678de1,Henri Salvador,0.704,161773,Movie,-6.699,8,b'gAAAAABjkoCacNv-DTwUNCa7Xfr2gr4KErSbZnhMBbMTKRnZP06iSc2Jm53VXKZjVVQ67seNwArvyPEWlwymBAYmziKVm4tiyM1ypR5FrfwZzIsuqSs8B6U='
6391ea673ce0404724678de2,Jean Claude Corbel,0.707,71299,Movie,-10.472,0,b'gAAAAABjkoCaBqhMxLcXcxbtXBZDtb3YCsRxdiVL9GPyNFRAnceGm7_5PeCTZv8J2EAL2EQic39DRVibKt3p3s03W20LEUKIsSNHCeBk1zlu2jYkqYDYZVw='
6391ea673ce0404724678de3,Henri Salvador,0.526,181441,Movie,-7.287,5,b'gAAAAABjkoCaU_6im4mjEC7wrMSzYFuHBtdNnmF6XEVGznc1-PVZf1WyU0QYjmZ9OqA_4wNTTmtlxs3KodnUssqq3E1ljq3ePlNKVcn_DZhUqxa1Wzj137g='
6391ea673ce0404724678de4,Jean Piat,0.711,299040,Movie,-22.212,0,b'gAAAAABjkoCaWEFhbxnNDt7ehP3XP1xSA_NCookXVRooDNFBBLm0zvQ1krI4mKX-zMLm2Wibup4qK_CvBMZh8XwJe0r6jk_7DEgDyqwiSjSZg9MiYmHGqyk='
6391ea673ce0404724678de5,Henri Salvador,0.636,152840,Movie,-7.943,0,b'gAAAAABjkoCaEViR8wRhmvRe9jcxlpvdGmdasC1yCDd1m3RtHVb4bllQgwgZHwfo7_Qz48gPP1xYe9B8cTzHDjEUKHCZOlCC2Q=='
6391ea673ce0404724678de6,Lucie Dolene,0.594,156973,Movie,-7.678,0,b'gAAAAABjkoCaR8k5f4egh1fuwhkzP-3LW55vM7Xp2k0y8vCfbE-fLj7r_11Jqi-uWRg12O0uF63VfAihnyaGeGUcdx4X6a6GxkDDYgInLCqormDNXN28ocw='
6391ea673ce0404724678de7,Henri Salvador,0.835,142813,Movie,-15.629,2,b'gAAAAABjkoCaOxFtU2faDwMOJaHWio53zkuwsh6BHOobAJMxFqR5jI3wEeuhTi6pzuwzUnQNU_D0kKz_TbTxJEwn1u1ihONWy47Kn3lh5z9XK-YASEUwsDM='
6391ea673ce0404724678de8,Chorus,0.695,430240,Movie,-10.217,0,b'gAAAAABjkoCa7Y-oALP2PyBnYmnSXo8YXciETvqWgW1zP23HiJXmv60edMRYGVFbcH9kIIFXKR_rfeigroqQZX9CwK0bxUtE9r0p9N7LA0I26B0jrmP2KByEs4Bl6jzwsC7JAae69_MF'
6391ea673ce0404724678de9,Chorus,0.711,221320,Movie,-4.008,0,b'gAAAAABjkoCakxDEwrPUnid697B2xsizNYK6U2PC1eKSQCUBBMbtZ51uX27U33rd4ZHWBYaqRx8KO7eg2nJ7aBo4avEkY52BxM2h2lHCTIhp8WuEUXST-8FyjET174wGZSYTfMza0_v_'
6391ea673ce0404724678dea,Martin & les fÃ©es,0.618,49373,Movie,-16.222,4,b'gAAAAABjkoCapM4b5Kzo5k4K-URUMo8gnUJBESHe6oxqcKNioiEgIyKdRQuhU2yuoWJ9RaiTnixYkQbRZvFm_aT-R9J1MF-x_AG_kQWx10Mp0JKXreyfPfGGWVPQyH2JjM-PUzdQiVL0SmhtyCO2vQVlKb7I45PetxfLkqY9hs9pwDd8t41aMds='
6391ea673ce0404724678deb,Henri Salvador,0.681,129707,Movie,-12.508,0,b'gAAAAABjkoCa6iH58QQdhIOTixMQ5l81Z_-SLG0JYmypjJfqQL-uDs1Xpq65ZLJgJcliejyLLXT3Ggf2IPTVjzo1g77vz4gBFg=='
6391ea673ce0404724678dec,Henri Salvador,0.883,171027,Movie,-11.432,0,b'gAAAAABjkoCaCBvkfAxGYfN7J1QSZrDG64CpR1xDV5dOUOsbh0Y3PfyIDtv716_mvVB43RxAvQlLyTOTmFh-56xldnJTtzP1P8P0ZW1wfooi_GcfgF8Zizo='
6391ea673ce0404724678ded,Chorus,0.784,235000,Movie,-10.732,0,b'gAAAAABjkoCaZ4DA396q7n8Oo5B7avrxPkJBxekz2kV4v9aSQPE9FmAsQbID40LcchkHyV2LMCQTcWuw-zLOE_rnn-Efu8aoefY6OBd-vUKWuOlx9T1sAw4='
6391ea673ce0404724678dee,Henri Salvador,0.776,169352,Movie,-11.235,0,b'gAAAAABjkoCa5aa81Dsx0iLm9hM_CavnvsXG-YcU5Eum0bqzCoLq2c8P42OioJbk4c3HLHAjDjGePz3bF3tzCrJu7cyiqgEvyBE23Xk13u1qld6Dg_HH2EQ='
6391ea673ce0404724678def,Chorus,0.848,215333,Movie,-6.746,0,b'gAAAAABjkoCaQDnrT4rG9VGCvfbW1JP3UDmVgc-avRrUD2QPTqWOYvm-qp8m_BnV48RKhzsy0-ASY4TGsgoYWsLCdrSmLxssWw=='
6391ea673ce0404724678df0,Henri Salvador,0.483,218187,Movie,-12.089,1,b'gAAAAABjkoCamjxg-AFHGeW19UREuHqubQzCxviMp0ZDr4sqPVbcnEW-WCX3Ei-Mt6trQTJsE7HniQ0aqemhBCgYQ4YyJLftA9Hzxr3XFqKH-Pei5goC3Ek='
6391ea673ce0404724678df1,Richard M. Sherman,0.348,127507,Movie,-14.06,0,b'gAAAAABjkoCaNtyt8HRevRyaOgZR8v9vnv4jFcExWtH9G8oZSsqUeI8zDlsMyzfwJDbVzYZ5sAKat_KW-nqnqcR7vjqMr9DpHw=='
6391ea673ce0404724678df2,Larry Groce,0.567,22413,Movie,-6.058,0,b'gAAAAABjkoCaB2t0oYzFLex4IdRuwGDlQlYpZlKu08dT_VYqxRJyoGGo0EJErbP_GE6X-wfhtylbB1IYVI5VvvXYtzU5M1DOKzzqxeA84eh7ZM0Dy5bGwQk='
6391ea673ce0404724678df3,Chorus,0.483,189027,Movie,-15.603,0,b'gAAAAABjkoCaaILoQgjQh_tkvOrqlrP-290pP6KMyZEzUYBbFuj9QTps_oqbfKMWO0xgtw8qkACWK0LSXVKeWloDDd8m5TZgvbTfOcWf9NTk5ySH1QK717w='
6391ea673ce0404724678df4,Leopold Stokowski,0.42,199160,Movie,-20.951,1,b'gAAAAABjkoCarDkmRlAgEZEP-9FzYsSIhoEhrYBEBWQ9xV3dmNGhxwNY3kFGgkqQDiKSRtDQtsPCeSuUFc3b3xw8wTkXZnD7DmyUjqHsyzf0SrWxuRGgJZw1PAvQwnQ1hM-dAS1UzqlC'
6391ea673ce0404724678df5,Henri Salvador,0.336,160053,Movie,-15.267,0,b'gAAAAABjkoCaIsWQoKgWO8bflOIxskWc9DO6m4bS6Ujl6pqNjiHoHEsitIUfy1FMcvxRa5OdzhCG1mJoYX2gD8PwUh7bYiIXSw=='
6391ea673ce0404724678df6,Patrick Rocca,0.503,121533,Movie,-10.465,1,b'gAAAAABjkoCaFD4prFg3v9XtSvoY5z7P-yx0HYx4mC9rEPD-nhvGep-ZJI5cVFNg45Qlxz1m-pzCPEZho6HHmT-9sG2qv-wYXqX1NMu9Ld6uZJm8A-MUE2o='
6391ea673ce0404724678df7,Ken Page,0.566,371720,Movie,-8.904,0,b'gAAAAABjkoCaqtoZPnmAuNZ3CWe7dXZ9_R258BINOWlXhT-6ARKl6mEZGEzrskArhQXVfPnH0ApiwdXXlg5DLoL40tq1VoujBIO6BLmD-wh-2CbG3X-gl5Q='
6391ea673ce0404724678df8,Ken Page,0.434,77067,Movie,-7.479,0,b'gAAAAABjkoCancPvk35EU9PS2d6LGFXuR6LqTuF2nAOf7EzTZ025MmD_GyaJp9xY75ivpVsUTAeZK-QU2jsHmR7lF20-zH833rU_FP5V_0K35qsragyrb4w='
6391ea673ce0404724678df9,Bernard Minet,0.669,181173,Movie,-6.85,4,b'gAAAAABjkoCalvcae8LdFQm1-8z9aJ429tTbTgKplBCGFynCPgf6dTCHLuvYB6GX2eKcgW5ZHt0boa0RsWyzf9FGSMFdd_5oGA=='
6391ea673ce0404724678dfa,Debbie Davis,0.555,278160,Movie,-5.438,3,b'gAAAAABjkoCaMGl6CNyJXf-pSoqdjTipWI1_3dCrknOMGM8rHbNskztaD2-7h-rjjgy-4hJeTTMHDb4EKmNm0I5svYqUA7uXc1H79VhdNCuGdy6iCEtU2zs5eOPTSQCXU9tgjQhtUsgl'
6391ea673ce0404724678dfb,Henri Salvador,0.804,169853,Movie,-6.968,0,b'gAAAAABjkoCaIGO7rdpkx2HSF2lppazrD0qQ98v7CIVptTBGYVHjh0TKd6Db8roCZmTNEK5yTt8scZz-EGEOAy4IlF2K1y-DJvKLix03b9RX2zCDg9SyzJUM6WhbCljRXodxwF8kVm9mIdNMXy1Pf7yfDgyyJIhd7Q=='
6391ea673ce0404724678dfc,DorothÃ©e,0.885,212627,Movie,-16.44,1,b'gAAAAABjkoCas3XfdGjrnagTkVriqRcHgAc4TmENMUGDliymnemWK2ggmbQLZgpcFpojQjADaTE6Yzd1Jt-kuwVEk9DbHE8I6hYtV-u_SRp8RNGvmPwyArM='
6391ea673ce0404724678dfd,Claire Guyot,0.489,128871,Movie,-11.876,1,b'gAAAAABjkoCa8JVIGlyTQD_yBn8nNPZbs4qLKGvBcKSaLmOWUu74UPp36n-p1P9c4jOUKgUj0_sQsgHSshvh69VwMMRYqXnXzQ=='
6391ea673ce0404724678dfe,Chantal Goya,0.43,47172,Movie,-9.149,5,b'gAAAAABjkoCaGtZExsuTe7Wg2NoKlbtWZBID5AeLUNHeoZFnpzGeT8uSXxNfUJVpPE7eTQ6UAvvX2wQ4LVA-HpnxvRfK2dpM6gJ-GoLXZ8A_v9i375xpOcw='
6391ea673ce0404724678dff,Henri Salvador,0.63,56067,Movie,-10.914,1,b'gAAAAABjkoCaTOjRsRjIp8l8l46diCgngnV57yAOrIwQ0DMlgKfsvMq4Gi6XZMlQwhUnBw0LtsK54D3jHdUryKPIO_0jzpvz0EIKML9Xw8o2Kp_2h9Nbaqw='
6391ea673ce0404724678e00,Lucie Dolene,0.428,198040,Movie,-9.099,0,b'gAAAAABjkoCaSTXKBsmKntaU-pieLtZGOB7mdeBPtXnhrb1XgzJcx2AuoVBO1X9TMHcHXwWGdHIFAbZX-3UbkMGLJgsFd6z_VA=='
6391ea673ce0404724678e01,Jean Piat,0.683,101653,Movie,-21.998,0,b'gAAAAABjkoCaQUH1n1EEkVGaF0mECSJIWUw7lKelzXC82texvRMHpSMEiyJBxHRNCibUAtIfpsAuJAN2zeoHt5vOpCPOzw4DXEQ35ojCWk9dVewnAw2SaYM8e7s9c-MljvTOT6NfC1oH9WNGRmB96vbB9vZ_r92kCA=='
6391ea673ce0404724678e02,Justin Hurwitz,0.55,28027,Movie,-22.731,3,b'gAAAAABjkoCaK_HVLPjujzpUsCUxJJPc7DcnRwQo8gt81VG4vdRtTLPRcejqEkIjgGpMNSQgpvBw8ZgxXNqxaqLgiE0hjG8PJn71I7RuT9SgpB-aUlmpPgTuaDViCyBu8GnEfC1X6ite'
6391ea673ce0404724678e03,Chorus,0.262,220173,Movie,-14.86,0,b'gAAAAABjkoCa3y86UmKzkuaFsvaCF_dFEsBBtDB8WUk2ocadj2f4I52Pt-YnwnjvyQ25qxLjtEz9Oj0xZr3M2lYuZYHloXOceFHjMwI1bDxl2JjF16InjF0rXapn1r2JT0uPoN8cfryq'
6391ea673ce0404724678e04,Henri Salvador,0.538,139840,Movie,-12.646,1,b'gAAAAABjkoCatZucQK__mTNsPXO9KfoJxNR1ObxgqPeZzhs3deYrBzQi3DsnmA67Ip2J8SwbKZP3KK9NkUXFruxtvyn2O6WI_JNLFZMthKbk40KMl1TJf7o='
6391ea673ce0404724678e05,Randy Newman,0.297,65560,Movie,-20.471,1,b'gAAAAABjkoCawdlG_Ca8e8EX2W8qR9gTQyfYJlu2YE73GwRdcGgkx1SA_t8lrt4Ny-SvrZtXGV-YTvEU_1HtIH8Z5txpeALM1okfiwCfGUz-e4nbMJB2otWfCnYbj09JROtPIt4aSRq969Dn0nFSFWbksZzeIMFsbA=='
6391ea673ce0404724678e06,Chorus,0.542,515613,Movie,-4.337,4,b'gAAAAABjkoCaidTI6swHiz_45SIg0pEFOkMdfCDU8uHevtnd6ezE-8t0oQHNv-fYmIGcTp6WVUsdhvhonJMIpdLzljfNgYpnpw=='
6391ea673ce0404724678e07,Marie Ruggieri,0.443,144560,Movie,-15.269,0,b'gAAAAABjkoCa1t2iu9odncIMACM0G5yL5IWXK3MPP4qo76JAm92KIC1n8L_heVx5gHWfnNN_qdF9tQ-rCbesuvU5MTd-BcH8yAM3BwWqHxddes3yg2EfC5zqwf5qoR7OzOhk0cIR_H6VweAcK0bOus6mGHYGCzqAkRQzZICdQ3_WU7sBnNHrHI7D_4WXIm5nGCA0j2RZZy8E'
6391ea673ce0404724678e08,Chorus,0.714,184987,Movie,-14.199,0,b'gAAAAABjkoCa3KaDyTBR-XbDet3ntLNKKprj6ynRQ3iOWuekOKLEhuR9_7qJGLIBCeoH4QbZ00pwZlbfaP6M8ex-UkiPgsYkjg=='
6391ea673ce0404724678e09,Henri Salvador,0.341,136253,Movie,-14.696,0,b'gAAAAABjkoCaQdhNHAEjT51_Nvyv3UUJKaODhfBHlzev0G_dtACkGPrusnBd_leHZJBFUHhtYoDWRrUtXx9_sIhG9aBSKY3PaEhCMeVvPcladXkKSAeZQqw='
6391ea673ce0404724678e0a,Henri Salvador,0.775,194769,Movie,-11.581,0,b'gAAAAABjkoCaeUmYjcGpzicWZO3SmfwlvBqdXZ9BpdffGX8G-EiV1gnynbF3KLHv9k2TC_-Y5b6oSnQN_CANQM-CmQtGlv3hy2DorvTze9hWqq7hPAHNy0sNT7whrTACC79Hqp_PFEXv'
6391ea673ce0404724678e0b,Chorus,0.582,303413,Movie,-9.225,0,b'gAAAAABjkoCaGYcC4T-7diXvqUQiOUsIY6gwp0Y8g6azCXIq0FeDKi4Y3A3F_KGjYpScwEkgG-gtofl2gFK9YLvg3vZFXkclx_PD6-Wjnon5amRXcvBNl6w='
6391ea673ce0404724678e0c,Karine Costa,0.59,248960,Movie,-7.995,0,b'gAAAAABjkoCaGNccFHC3aLp_9AEu5N09X3gbV7E3Ev4n8xtejq6Bi5Vr1FNub0GF2Y-ajXccTugZfArvUuh6Ec-x55wdc0ScAiMYwUrSYjG__ANO3r7mDSI='
6391ea673ce0404724678e0d,Henri Salvador,0.602,201587,Movie,-6.352,0,b'gAAAAABjkoCasxjUyVQ2e_kthq59uZU1CaXQ29JLZfIyrJQdWmjRR0X5FsyAnMqy718DdRGhCrR8dQyqWzJF5buDRsJGI1MtA3JpRHFY_27jChwz1rXs4mU='
6391ea673ce0404724678e0e,Chorus,0.447,107703,Movie,-11.927,0,b'gAAAAABjkoCaZXqNJvHE9Utk8px-RKL9YqwYBXZj2Gbz-raAGXNHH5HLE2S6AUsSLtwyJtf0ZswFEnM5e2Ic2EeAk_l-Rl1y-Vop7EvVHxqXNYfSgoSdUuc='
6391ea673ce0404724678e0f,DorothÃ©e,0.84,148867,Movie,-14.391,0,b'gAAAAABjkoCaGkP0wwnjgsGJKzJ9gP19yPTUmAAhRK6J5GNWZ-mLDZUK1mP6R5bKlAcrvFxjRFXPuz1XotBXzvc6-o85IaO4VKaAFZOTkztrFm29mhfcV_I='
6391ea673ce0404724678e10,Chorus,0.676,214093,Movie,-7.81,0,b'gAAAAABjkoCaBbC9iiWvyDBLSvY6VzXGJ3vwvP8rJojs6iqv58FZiTsIelQSxkdx1pDVRunu-ywN-f65RnNu78zyzz2911wYJhZhwTF7vN3mZtTm-JGY_Aw='
6391ea673ce0404724678e11,Fabien Nataf,0.914,75102,Movie,-15.397,4,b'gAAAAABjkoCagfYKPj8vxB8Qbr5Q-OXxC89G-PgP9qcXzTDo_aE9gTj6KAVGftPfC1FcfM58Py7_fRRBiC-9gg6LtlCcAHs74g=='
6391ea673ce0404724678e12,Pascal Laffarge,0.394,121480,Movie,-10.737,0,b'gAAAAABjkoCaBeS0sAm-up99nDoKkrQBbmijy-VcY794-MldpIYOumJN1TVdWYBo4NQMAar0ZeFYFAFMjqVTFrDXPsj2f9UmjJsiMReUCVG7DKhzfI4X71E='
6391ea673ce0404724678e13,Frank Churchill,0.238,147067,Movie,-17.031,0,b'gAAAAABjkoCaP_7xvxPUzvHj-YxZ8WLCvyMHfG7W_dxMWV3nICnTHWA5G0T22kcvghjFznHkgAyK-Uyt6eysGb05VJkwCSU5yz4ZpIkyCHULyXcGAbdPRLziuTrSVpIxsjDOIQgyBux_s7JZFzFS4HJi2-LWvmbztGaeHUEcY3Pwn34mhvwLAQs='
6391ea673ce0404724678e14,Chorus,0.582,75337,Movie,-8.096,0,b'gAAAAABjkoCaoPtdO1y1T4uroU_DGXpCNNEJvD0ifJj6NjV2YG-3PKnAzsC99u0nmF4G-7zaoTcODrp0iOXyx3Ig7bsNz_3jlw=='
6391ea673ce0404724678e15,Jean Claude Corbel,0.71,492813,Movie,-16.156,0,b'gAAAAABjkoCaNqufdy3BqiPUIDqkct-K-3EdPkWx8E9CkoJ3ZrdZarTik8b7DI9YNFjeOyeFLoW7jc5BwvPaymnRHxn3kWe1pAVfftyEfW7ZZPYkJLMrjIQ='
6391ea673ce0404724678e16,Jean Claude Corbel,0.564,248221,Movie,-14.068,0,b'gAAAAABjkoCaiZun7Os0qqaVzPslHIJ2NIfZacgDUokxNACEr2xTV9iVFid4zG68Ghg7q6qSGSVFsZP30WvLxh7z9kEhg450dlNQzpSzD3k2XpXsVG-UVTU='
6391ea673ce0404724678e17,Dominique Tirmont,0.388,118600,Movie,-6.823,0,b'gAAAAABjkoCaZYBVcmYqwGm63vtaSt7UMuoR2-rE8YFzbJb7OAq2qeSCOERuD6Hv60UuNKY0AYADdk7Vzhk0lQmYgyrK3_HMxg=='
6391ea673ce0404724678e18,Henri Salvador,0.363,180133,Movie,-10.686,0,b'gAAAAABjkoCadSI7BSGg9qOuLoeREW-B2a6F1Gi3AEOUixFHQ4NZNaVt0BOL964nJJKiroNUHIvkHDtkYthutp-EJtxAcoPF0NWIsCEA77hZMzAEKl28itQ='
6391ea673ce0404724678e19,Jean Claude Corbel,0.569,978303,Movie,-12.506,0,b'gAAAAABjkoCaQfkyaUdQUcqFZiaZ78PKppNkcdOxIkvR1hDfQYNzHO1QrcS0qn70ptINHbUptltWYXUVhD-tUyPG1fqwrRK-h6EOZQhCRQKtlvr6qWeyCGo='
6391ea673ce0404724678e1a,Jean Claude Corbel,0.61,199587,Movie,-15.15,0,b'gAAAAABjkoCaV-NZSEq-w2CVO-yMLDPjMWj3BDZnjz422uQCrb-eW3tFyO-dxzbwFxjbeINUMMixfYBsukdeXznXK9ZREBJofF1ERZAT0p58M_8XduA-vxY='
6391ea673ce0404724678e1b,Chorus,0.633,211133,Movie,-5.584,0,b'gAAAAABjkoCah8rqtrWJvhM_T_EzCcK0BQtoM8lSQz6zhhc_32Yjbr6XDX3rJyeluHCEG6W3HWY4a0hCPUvOAYfYTJ2cTcguvDH77Fwqd8ukln42hdM-Wx8='
6391ea673ce0404724678e1c,Chorus,0.672,69355,Movie,-8.598,0,b'gAAAAABjkoCafYBl-7_AoYfkzTn6nLnioVMyOAyZWj3zZu_M6SQFKhWSFhBKVedmhk1zYrxSZjrebFZEY035440mnoe6fVzYyP-S_6vX_OrGH5OvHR51gp4='
6391ea673ce0404724678e1d,Jean Claude Corbel,0.714,292720,Movie,-15.703,0,b'gAAAAABjkoCaQ15Snr8__VC4NNxHGMmD_Kd38USbAt4yeMee9HNkkFOqYDgG_zU7hb2MdjIg_-KT4OSQKMhEtzT9WaZB_syykmZu44Ae43WOo3rgzvTWy5g='
6391ea673ce0404724678e1e,Leopold Stokowski,0.168,195827,Movie,-17.834,1,b'gAAAAABjkoCaKvSpZdF1quPU-w3yziUmosDVdLao7WOjHOVORioJGL-Vb13Ipies2usFqxyKGkDhSf7NiXqfAb2aT1SmgcaataYVRKiOG5ITFODHq4UEmQZ38sf3zV2VPOCXkQfGh1Dq'
6391ea673ce0404724678e1f,Dominique Tirmont,0.702,134093,Movie,-8.535,1,b'gAAAAABjkoCa91SqHO8th1-IT4sXj9uM05LjJeQV10V6WbHx51yF5V1dHbT6OnZiu15PI27sY9IU0mosgarEICp0XiKq9S4WaPwSKBhGRv-PorGWM_EKHZo='
6391ea673ce0404724678e20,Debbie Davis,0.6,61800,Movie,-11.71,6,b'gAAAAABjkoCaIJk-6AgRM1faqatlf5qGJY02hCDN3asNJp9S2iiBA5sRiSocPFoZuTg_Ehe_KgOSvT-DVn31L7-dCipBAKsu2A=='
6391ea673ce0404724678e21,Chorus,0.468,259000,Movie,-9.841,0,b'gAAAAABjkoCaX7uUL81Elhop6mrOL8ePw-thWIcvQE5T7Qlh1VHGXQ4az0di8OrMNmByZ-mvwzk0br1K4fR37W__9A5afxuMlQ=='
6391ea673ce0404724678e22,Chorus,0.494,367747,Movie,-6.797,0,b'gAAAAABjkoCa_FZV7X44FpeWspNbM1dBtbD502bkMOgl6h3I9JsuNDo-iAL5FzeN1p_X9R_WioIYoHSLAtYsG64UWZlmTqoklw=='
6391ea673ce0404724678e23,Bernard Minet,0.657,247600,Movie,-8.672,3,b'gAAAAABjkoCaSdXQLfKK45rwYAyLIRHs0x-sS5vkuYU55tn2DDSSbbhrOdrdUdoMS0E6IcsjhMcvRcMSplyTJjvd2kLCQLxl6mYq9GJTqAIiU6ZL9Vdmvzw='
6391ea673ce0404724678e24,Chorus,0.694,315693,Movie,-10.449,7,b'gAAAAABjkoCaP7L5K7UBm4RLtGQU-i3F3_YJqwzF6AuHciA7uWFf9jeQvMc7hB5t3vAmdiAXMSoF9OEY-IRpf3IreX1R9nkUKasRd7QwmpKBqHsfgDZrDfg='
6391ea673ce0404724678e25,Chorus,0.61,255347,Movie,-14.082,0,b'gAAAAABjkoCaQ4w_RuLAQmEVUNmvK4G0-iwl-QkVuQsaePweSeyPaHckE1magA-glfEh5OwjJnu5WFkk0DzzP0Wb2Als0wV9Gg=='
6391ea673ce0404724678e26,Chorus,0.525,296373,Movie,-9.787,0,b'gAAAAABjkoCaGC0wB4W8MEWw1_wQscYi_q__43FQMTO68WwAzkSGJ_w3VqOiR0WGXaqEdb9oj2rYdx2PoC9iyfvAaXx2fJJ5bA=='
6391ea673ce0404724678e27,Martin & les fÃ©es,0.505,154493,Movie,-6.523,4,b'gAAAAABjkoCaWkzQ8MZZ4XEFd4cccaqo2b0Sn5oD04K1GyqSja1318agdcs-iNyV5UZm8Rbod2cVaD5nwlIFlUQ_YendKHpPYNXK_aAjvFcvUgcfTR99-Pvuyh7KC2Iuv_CjJH1Ytd-Z'
6391ea673ce0404724678e28,Henri Salvador,0.701,133982,Movie,-10.82,0,b'gAAAAABjkoCasyVLtpnRJaWj8FxOtZ9WMX3bfT9EW0B99WdjAhoJPwsIgrVKXMJPLG2FVtq3QsFVHWrxDateKfs4-IlYAAn8q9qQsOolzfbjs6HBC2fZIx8='
6391ea673ce0404724678e29,Henri Salvador,0.441,137733,Movie,-7.819,11,b'gAAAAABjkoCaicwehooIWyK7W2A2A7AeHdiVcpAYYSnnXyZNjPEgnh5qTa4A1gbZ7Qpy4u3r5TWPlLw5wKI-laXGcz4k23yTARrdx-XOrlOFG-aaeLAsHzGYwwywG8PaAU8by04AbD_T'
6391ea673ce0404724678e2a,Claire Guyot,0.193,234754,Movie,-9.086,0,b'gAAAAABjkoCa6nINMAYfnU3lO0OSlSyc7Wls2FPvuBtB0j1pFcWwFX4gwBM_ButWKc2e0aTJlweLzSa4ZRkw8rYti_qYLg1LHPTLh3slWe51k8CvxrMSnlk='
6391ea673ce0404724678e2b,Chorus,0.688,3435625,Movie,-8.645,0,b'gAAAAABjkoCa_ac0foJOfzYszgi7Mb7yhQBuTYJ4EWlwV4nKWTWMbOUW38fH7IWvss1pbMdsa0whXDBGIguwQNmoZ8HUO9d9RUH8dFqJkb3lklB55sUNbCQ='
6391ea673ce0404724678e2c,Henri Salvador,0.592,156267,Movie,-4.17,1,b'gAAAAABjkoCap3VpRIogHrnfhByFT3ydLO1djIpAfcFZ_UrBaRjHfU_PqRoXPhxh5OxDfQcMn8ItQ9Yq8zojAwgpadQL5t48JQ1Bclc5DVvYMh_O7bp2trI='
6391ea673ce0404724678e2d,Richard M. Sherman,0.429,89947,Movie,-14.17,0,b'gAAAAABjkoCaTcZPbotW-cuVGyCn5WO_WMlofwLcJRm_8QxQ2H14fqwfomyL4UDnehIRr6AyaC3EdaTWUIEhqIpoYX12-GvfqgsyVUs0kK1VoAStbm9YZVU='
6391ea673ce0404724678e2e,Chorus,0.642,154176,Movie,-5.814,0,b'gAAAAABjkoCacoeoOnFkdHeUthu5W2-fzXl7p4z5IlAaEJVRGKKdEQzzoD8dPGBnj64ihwzTD0pL7O3UVppWU0SSr9NETRYaxKL3XEpR5WySqOzQ2EwSMEE='
6391ea673ce0404724678e2f,Chorus,0.615,234480,Movie,-4.381,0,b'gAAAAABjkoCamX9V6JHbfatR48uuMKJHcyE62spdjQbRtgerq469f5kHKmHB4364MXtdOBj6pSsp_6YFPHRwkEG_qsn36S5O1rJ_Se4iQGT49As056RxUtQ='
6391ea673ce0404724678e30,Henri Salvador,0.805,153973,Movie,-13.312,0,b'gAAAAABjkoCaqK4--3TLaRFOZuNyVJA2-r8Fw2jrYVscXIjEXzxDp9tlL0PwgpHbJw8Ei5PvBVhtXgrhRVgExZtKZ36u7rdxuCql-R_4IQi7x6pVPlF288A='
6391ea673ce0404724678e31,Choeurs,0.39,375258,Movie,-18.037,0,b'gAAAAABjkoCaPBKToL1QmC83HAtnxi9P2Zb9_MNRnWGCy1hF5vT-GsFPfdRY2uz3tjD2JRORaBAgD2UMMIeZ2d-evz_nRFTip81vSXa5ioPAnbDC8J3qUS0='
6391ea673ce0404724678e32,Chorus,0.627,225307,Movie,-10.8,0,b'gAAAAABjkoCaGyhPfes9M--XPB_mjSaTbO1qd30BbrVUmtpNkmnYQLECxG66kzql1GE2cpFt8zWGW-KO0FZd4STvZR9M5zjxrQ=='
6391ea673ce0404724678e33,Chorus,0.653,66320,Movie,-7.184,1,b'gAAAAABjkoCafJy5dg7BA3HwnV2LvltM03wjsctlvYZ5mvgcIxBuwW77iGcoCEOx1tZm659mdVA2sFLfWDqDBtdX3rk4C8PHGxJLSY9le3KE39GojZzk1NE='
6391ea673ce0404724678e34,Henri Salvador,0.478,143933,Movie,-8.745,0,b'gAAAAABjkoCaiKWsDvHStkHah807lkRodCnpLzqPZL6w_AFcNL521WE3t78q2RRg1kRo-3qpdf9D-ppW3ZFjVgeBTdA_c18pG96NweN9Db19wAM6Kfr3mz0='
6391ea673ce0404724678e35,Chorus,0.518,249973,Movie,-15.349,0,b'gAAAAABjkoCaNQ9CmXjF_7DoZo5GrkENN-QxDVqkZGg04NL2vTIEB8_8fsA0q85qR2SLsXi9llbiyL3TcgxwZFelpOP30hZbKMFQ0sl-MuOLXRVE9f1iUM0='
6391ea673ce0404724678e36,Larry Groce,0.508,216720,Movie,-9.52,1,b'gAAAAABjkoCarxvyoO9UbS-yJHgpfjSCYTGQtCQeKyeBSIhfJ34XOHIu7k2Kf1qowOL6Es9dgDNHjkeuR4WycK8F2zi7l3gX1A=='
6391ea673ce0404724678e37,Leopold Stokowski,0.333,372107,Movie,-12.059,2,b'gAAAAABjkoCaiiAY2oShUAqLB-qNrrX_fz0hL7pIxqZcc20AHCSPToRfIm9cQfbhVw6LwodQj20XmCfplLD0piDwmE1ZTyYV0d3Q21uWvAcnkHEsDVMWiH4eB59h70OfSza2lr3zqtUm'
6391ea673ce0404724678e38,Debbie Davis,0.471,252547,Movie,-9.02,3,b'gAAAAABjkoCaQPV9xQnuyMGWYUGwf7cJNLZGhdj9awpRI_WUJxuuA3YkYrHw0aI3d4utbeE1o1AnHN1S0yAa8mDGYOIXAHanc0aMqctRG-k4ZH1pMzm8wk0='
6391ea673ce0404724678e39,Chorus,0.598,307867,Movie,-11.439,0,b'gAAAAABjkoCatzkLT9w8-dKOF9ctekPrFEhOJNS4XzFiMypOC5w-ufMx9Bn3BqJwAvNHkSD8ujFl0--e-MMh48BAFeEr4acztYzbJOLnQfcd_l0CUoAmChs='
6391ea673ce0404724678e3a,Les HÃ©rissons,0.632,171356,Movie,-3.529,0,b'gAAAAABjkoCaKiTH-CX4aMK7mO5iATBXLr6FgXs0pKASwOMa3Ew59fyv7HtoDR-_OwKJGTm4oMlJtY0vXKXp1LDzno8667craveOHqSk0wv9baEyUhNgORc='
6391ea673ce0404724678e3b,Henri Salvador,0.242,208733,Movie,-10.82,3,b'gAAAAABjkoCaoEg65PcxmA68VDFo7n32d-Foyr7ULq-9411y4atuABuXxnkLC-Zs4AjX7BhGTqwUZOzb9NAWc2TnSP9o1ur1eA=='
6391ea673ce0404724678e3c,Chorus,0.524,101000,Movie,-20.347,0,b'gAAAAABjkoCaamzg3d5rw6zy8h2m4ioBTd3gY_L9Zw6BhR6V8kv_BC-eECRe8dCQtv0bMaI5tenb4I-reo07-3D5GVZLyVZRC104WRd-JR0Qtp1h27tHEPNkw_IoCvLpf3xQhnL3yMuHzDPrjKXzcypQktHc5o7SGw=='
6391ea673ce0404724678e3d,Michel Roux,0.643,2359123,Movie,-15.622,0,b'gAAAAABjkoCal6k3KFfIJO4VG1FrF5S61qd-sxru8_ukOhVfRm2CjZlLi6NzMLyn3WPPD3pvgRtE1x1eIcAQWQqZZ0Ilc8gXVe89l-Ozkbeq9rvN6TWbxooAixVtAySv7ugHzDuHj3b3'
6391ea673ce0404724678e3e,Debbie Davis,0.641,170373,Movie,-7.021,0,b'gAAAAABjkoCacSDoiEL2RfviupsZByhOmfUQrx_8snziNWjdsAMcsQhizAYOqsoS5O40qSqiwc8k8I4Jlkt6j1YqMsN169UndQ=='
6391ea673ce0404724678e3f,Chorus,0.684,203492,Movie,-5.847,0,b'gAAAAABjkoCa5vpjoWL8_QXkwgkIia6Jw5r1nXsIWPniLf6NOe4wsJx6GDe28CoLKMeVEZMxkuAMJG-Oa1IrdtmaYYZ-HaEqEZLgE-O9U0q2pDFe-UmOwSI='
6391ea673ce0404724678e40,Randy Newman,0.108,200053,Movie,-14.415,6,b'gAAAAABjkoCa-cy8WHIST8YkmnPeC1bLIa1etGmTwpPkdpCicTihzCR_ukIiS1VJGiKB-GENIoAwxb4vx1a979eYmPGkdNAyOsBfluJBKKUoXXkQT4fcqsw='
6391ea673ce0404724678e41,Idoles De La Musique,0.439,216155,Movie,-7.628,0,b'gAAAAABjkoCahj6o4cBcJigAWXsdfAEahH1yaOL7t5SFak8TqLlx4bhzn4imFn6YkPWYD7R3izmeCrCRk5neK8t5SPM2E2K2Fg=='
6391ea673ce0404724678e42,Jean Claude Corbel,0.571,167053,Movie,-15.638,0,b'gAAAAABjkoCa5RYn9MU4wiopnPL5PYMScSETeDWjZbjIWMnTRXfTx1_3fKxLLA4NICyfod4QExIyxf8fpljKWOWBihOIzCyokw=='
6391ea673ce0404724678e43,Jean Claude Corbel,0.559,181116,Movie,-17.038,0,b'gAAAAABjkoCaZ-duBpIh1gqmf1tR2PaKkis1ZEteKBBxYaElf-j6CdWF-WMCaahLYqi3KydMiHkXS9I_EYf3wruwGAwS2bp69dXvzQ9IjwE1u6LC62Av53w='
6391ea673ce0404724678e44,Martin & les fÃ©es,0.662,182067,Movie,-14.405,1,b'gAAAAABjkoCadJZrBz_uvwafoRji0ErMlUde_3EhMqHHqskXRRnNzv_BFc3ZDVNynHfOtRSGPmXknyyQ-l_Brx8dHN6Y_UdiN9vP5DSb4VdonxgwY5HA7EsAtyTCnYFic63TRLqqAdrpRB4ZkGgKE5OaCXQ4qTIUajRt9rTu5BU0jjQB6MqucJvJBMPD4g7J8YfrC_64BRQtubNqnwaXpi7MMYwuRa5JJA=='
6391ea673ce0404724678e45,Bernard Minet,0.659,158307,Movie,-13.879,10,b'gAAAAABjkoCaKFBaclYZ_rRpPRxxc848fs3uUVzc4IhZZ1G6xZwmXpNqhgjUIW9x7l3-fzW_Aq8v3l5Rzd0Y_x6Muat0zBUibNDb9WDY8K8t0Hvaun3cB_pMY99AI_34-a7yJHPvGgwi'
6391ea673ce0404724678e46,Henri Salvador,0.423,124067,Movie,-10.19,5,b'gAAAAABjkoCa4oG0V0dJFiczDayfhs5r-ILzMemgNlp8rz_UCQhsI0w9V9Gu_DWNhwmKYMJDQo5SZp5shU-m9VACvysYq0xohL5BJZtrhPoLebldtA6FgMtRLTlq-Ul5FoXG44ABUtGn'
6391ea673ce0404724678e47,Jean Claude Corbel,0.539,326800,Movie,-12.981,0,b'gAAAAABjkoCazB2dOnODzPWA1oI8Zl--s2VEZMnB7yrcCF1VpCEESmKa_0ppVZIc4Wts-MFCLjxTc63pVd7yo0DNynXyrJLLDg=='
6391ea673ce0404724678e48,Larry Morey,0.823,103178,Movie,-11.181,1,b'gAAAAABjkoCaUI3X3YLh85TzxxlaJjV8N6MzgVUnUMqTBGYUCawqPJ_ngDlxAwibQUXJXh6DknTSyKjSWC2UJmiiSjZ5GR-9jl3lYNI67ZfjTLB8gaKuSTELO7_grJC0zB9VEshE0NQM'
6391ea673ce0404724678e49,Henri Salvador,0.428,175800,Movie,-8.41,1,b'gAAAAABjkoCaXlz9_kjljWMCid4M-Z1FnH8e1erj5FHw77YDAps2j2CFAs8nAaX_7NcXXa8XPBqSFiLUkkgIvx6wt_gnAU4BCM7Xh5YZ6B0-X3h6LFpEBmc='
6391ea673ce0404724678e4a,Houcine,0.794,207920,Movie,-7.042,1,b'gAAAAABjkoCaLPkbBcaZB9C4eBuCfOj6BYVBRFrK5GVexdG5o3SIUOjjWl5qcrRDwvl4mR6HVJV9o9LPW9loVum2c49WzlATgg=='
6391ea673ce0404724678e4b,Frank Churchill,0.188,67427,Movie,-25.274,1,b'gAAAAABjkoCaBp3Te8sXvlE1d26cvVfKWCp6BjJUxz5floYIbK-H4KBMZ-dYltM9DUHxsSHo5tO9qEyQ9fSuWH_4QXbz9qhF6pooCBLAzcGVcyifaMv9_xksaMC_ql3KsEHNqddtxcO4vaBEAqeHsULnsZPsupcRVddg4NGJH6QvhcNVpoBcNDk='
6391ea673ce0404724678e4c,Chorus,0.606,159840,Movie,-13.774,0,b'gAAAAABjkoCag37KIemDrnRMfZGn2cn4ee-i6nTFzxVyYfOskgoTJ9qZv6Q5aurrJIS5eUrRUtXN_jwoMkxsweznXxSLIdD2jNYj6G483pLDoSks5Gu2zt0='
6391ea673ce0404724678e4d,Randy Newman,0.375,80853,Movie,-18.659,2,b'gAAAAABjkoCa0nGbqS1c4zQnB3MaLZP5TXAgVxeHhp1vfxEvgxRdAcgEots_FiMgl9kuPGpcLPCv7xCqgkJ7_KhQJzAwN_We7LAbGot8WpWqj_7mXv7jR_E='
6391ea673ce0404724678e4e,Lucie Dolene,0.441,414213,Movie,-9.759,0,b'gAAAAABjkoCaMyR1pt1VIqMyZv-eDWsWQ-D12sPZowZxlqXccM7NbUDUjSXG-cmkqiI_hpA2tUPrZP58qe2NZsK5XIBBxinYdwpMdsh26ZnLORyLkux7VDA='
6391ea673ce0404724678e4f,Randy Newman,0.211,300800,Movie,-22.749,1,b'gAAAAABjkoCalUz8EfRdLOGe-m5T4pW5joy8xL6lzpEZPPL-ILNyY4--Su1xg3lv3MJa-Y3n7kZfJAo7bSBukgolYVZqktd8TXRjb5wsDCv9_ml8qJ14Few='
6391ea673ce0404724678e50,Frank Churchill,0.723,191040,Movie,-16.343,0,b'gAAAAABjkoCadXhcgUzUqOjD0MvFKeXbhMk_R0hYe2J0QuFvEPxuvW60RfBTKrAdziy2-jWLCeKnzaeLTVWYEsNplxRJcsigIm7e4yN6LGicFgNjlNJ1AJ6c0PpVfSfl2tPuC_Qvdp1TXzX5hJqarFC4mNZUW8h7YaeRS8OppO-BT6TNYoce0Ag='
6391ea673ce0404724678e51,China Moses,0.522,214596,Movie,-9.537,6,b'gAAAAABjkoCaaH46JidcwOlw5lkplSxEkGKhw7zPDZ_dPeqOvtW8NrXzVahC7hJMghc83ghj86-ikwSuBKRNJOIz1xqkEg1oeg=='
6391ea673ce0404724678e52,Mary J. Blige,0.724,246333,R&B,-5.922,65,b'gAAAAABjkoCaSTrSY9MrJtC0D28iA4CF13RPfC6mAr1VAWtuuHo9MaMxxC6Ck5djI9hclji7ekHZJyv4XXYf7aeYsA6QXLV2j6IEIVG-C7ADF-f9eo-yv40='
6391ea673ce0404724678e53,Rihanna,0.685,186467,R&B,-5.221,63,b'gAAAAABjkoCaxRaMXixhYdXaXXCeDQ0A0fSd6YONLO89UDTDeAoF1YFLmjVQSXMYJctLE-v9ooYoSGJ4dxDABjJsAZQZ3xeuVA=='
6391ea673ce0404724678e54,Yung Bleu,0.762,199520,R&B,-5.237,62,b'gAAAAABjkoCaeD6KEjSVoTyvRQo042R6fCjZt1GPV1uSqNa1kjelChWT_t_Mo6A2d6DEz0i7lsJuYNOUv8W3kDfar0C4hzLJ-qoZ-UfecNWO83gv-SRe6I7zTATHx6DXFHfFvO79mALM'
6391ea673ce0404724678e55,Surfaces,0.563,240597,R&B,-6.896,61,b'gAAAAABjkoCa2dIAmUQT3XVRbzqO5whCRK7S7wR77bpaI8HWWSgvfbgnmVHt2G7R-lkuXwzag__obb9HMjwIfwt-HaTEO98dhp_HTkSruKrVO4smlN34QyM='
6391ea673ce0404724678e56,Olivia O'Brien,0.653,213947,R&B,-5.721,68,b'gAAAAABjkoCa2sLsht6q3MAAoJ7EUU7hxxaqoylEDbV6HydqgEu0cwii3jebG_cCOhUh4q260iWPRbPLKbKuaahd1k-E2IgFRQ=='
6391ea673ce0404724678e57,ELHAE,0.51,205640,R&B,-13.073,61,b'gAAAAABjkoCapcDZoCuVO7RUAAX_5QcdFdTIGdWVk_rR4TMUXFEc9QTOktX0fFc-N9FQh-wdgCWi4s7TVZ176qjQoqTzJ2gQGw=='
6391ea673ce0404724678e58,Nao,0.67,239147,R&B,-7.426,64,b'gAAAAABjkoCaPQ3P8Azw3Igk41rlx5OEvMkeUqrF88QiNaNDWMkJovW7jlkc0HAPEY2acjsgGCuuQlQCTZ5uaQBkwPE8Cd2XvevC_E7SCQuDN7o4z2zLifM='
6391ea673ce0404724678e59,Frank Ocean,0.377,334570,R&B,-11.165,66,b'gAAAAABjkoCaox--j-a9Iw6ccJZAfyJuQydYzzuKSDNeFiFVDySOrXErDdSUXTlL-LQGOrCNSuWulwyyHh1AN0G95JNH9sy7_Q=='
6391ea673ce0404724678e5a,Layton Greene,0.523,170343,R&B,-6.448,60,b'gAAAAABjkoCaLL5aMQ0gal6ajHtlOORCVDB1-Y9hnXO98lxi2qazD7M3rMAMO34Q-YyS9ezAJRGMyFRuGuLBCKiAFfJQ4ovtKw=='
6391ea673ce0404724678e5b,Usher,0.761,219120,R&B,-7.577,69,b'gAAAAABjkoCaUDncybMpm1-CinNFvePrcgugPt7sJEYeVKgKrNR_AdMYJLRRtep99zxtv-f9SMO_QEVV7vXQdsW6FSyN-oriOObh4uHQEb7ftrp3L6UWN80='
6391ea673ce0404724678e5c,Mariah Carey,0.501,257733,R&B,-9.37,71,b'gAAAAABjkoCamJzywkqowr4j91muF4axZ3_USkEaAeWX1jLENT0yGO0OhrAmyQpGusKM0xalubFCUSWu42Jq8EuDHdhtFhn7ZA=='
6391ea673ce0404724678e5d,BeyoncÃ©,0.639,234413,R&B,-7.273,69,b'gAAAAABjkoCaXEGoBnlhi9l5EIJ7bJPBNKjfVI1AaNpbUk-xKXzYcCb_XZ7AYyCzBfDjYLqz5BH1DxkkBbQdfXsFVTc5Y4WRbA=='
6391ea673ce0404724678e5e,Jason Derulo,0.845,187521,R&B,-4.547,76,b'gAAAAABjkoCaTiUspCTQlswMfkd_5o1PqfMiUHba9pUOTWbgPUD0xKvL9z16isRP1wu2BUSQPiwKXakqvMVMmOSkk9sAPFk2KwogCfBejC483G82kPXdd8A='
6391ea673ce0404724678e5f,TWENTY88,0.584,203227,R&B,-7.176,61,b'gAAAAABjkoCaCeRKc0K78UNN_WkXc4z2DKvDClMa2Dha_sYn4oCXho59hxVtPwYpa58wfNND_tOxsYAewj7Bvf_DZbVpHtHngQ=='
6391ea673ce0404724678e60,Big Sean,0.741,319973,R&B,-11.31,66,b'gAAAAABjkoCaYVvntLc_DTsH4RSGVmxla1Qmu-EmBYhn8rOTPuJRch61q3UxoTFa3-78gZHMVyJ_yMWPo6zmA08mgp_nSvYFCw=='
6391ea673ce0404724678e61,Christina Aguilera,0.751,264847,R&B,-3.594,65,b'gAAAAABjkoCaNkOL1XeH04bP3IbO50AiRDNrleWhZj9xkAfFjEB4RaDgyaQhc1vyzKkN3vgSj5BjhaaFdze2Z6OJDR8tMQfmrRLAKj8lqpVsKqg9IiBvIPOC1ND0MU0xRn50WFe-xW7x'
6391ea673ce0404724678e62,Tierra Whack,0.791,171392,R&B,-8.705,61,b'gAAAAABjkoCaWRmFEgSaUJAFcaAL9nBfC5zsZjzQG6SJA85v6JH50GVSoXEdgmm5Na3jqM-nGNvNcZKDUGYUSU6YTih6BfvzCA=='
6391ea673ce0404724678e63,Jessie Reyez,0.703,158947,R&B,-4.587,62,b'gAAAAABjkoCakbGC8gO7SEsMyPhWnCpFOcUtg2MKSaX3Q4yj0ynv1BjV51VhuOUd91GyBCEraJsHLX7fXG2OwSe_kNrv5rdcCB4opBICDMwZd1C1-gBMLDIkFcTMOeQy8tKLaattI-Md'
6391ea673ce0404724678e64,6LACK,0.457,265883,R&B,-10.825,65,b'gAAAAABjkoCasB4Kat0xYkGAMAIkpcG6-NdfunRywBElDFn6QmUqtL5pquBzq-x5ykXYiHKrZoh1QKEo3LtdYO6vCq7x-kVacw=='
6391ea673ce0404724678e65,SZA,0.759,216234,R&B,-9.044,65,b'gAAAAABjkoCaee9dyEx1VHp__whVjNUCTZfa9nsbyOo_gG6LPbCAPFGh-PwOFmg8_YTGtIwcEI5KiAbJktpxTi8A3SeZ6KTPrp98JnfYgB1aTt9rFdYSYtF75jUssAfCQw3nvIY6uNQa'
6391ea673ce0404724678e66,Kyle Dion,0.546,234759,R&B,-4.678,63,b'gAAAAABjkoCa7gJI1mZqWd2DIIC9ZlicNc8Q7EHEU8yceNlTLQoUx1uQ3kaP4VSU7jF4RCdtBLK0mdxgBVvLxrnLY-CEH3A3zg=='
6391ea673ce0404724678e67,Roy Woods,0.69,226632,R&B,-7.077,68,b'gAAAAABjkoCapeka0A6Ot4mvdHFaSeKnNrFxrCIOcUL5GFnVTvW_ljvyf7Eif1llpO6727VslXNFDcEJrY6bp09LMr7Zy-xJ4g=='
6391ea673ce0404724678e68,Tove Lo,0.733,209160,R&B,-3.539,67,b'gAAAAABjkoCawQVO-PokGI5-SHCgznQsRLi5jTOlyfYTzaGr1zo_68wUPVpTJrz-pWD3AogcGj-rH1B_2B82Y7FFYvrjho3h0_xtFDFDQOT5XzkQVbWy674='
6391ea673ce0404724678e69,James Blake,0.259,267200,R&B,-10.309,65,b'gAAAAABjkoCauPMzrVtuopCe0nbTjRjfSJOsdYXXx1WCzBMxaI5TPmgqDk3vtkBg1sxb3yx3F07ro09UCsxSqiYUQNiRCgGuAhdz97nRJ85ZWDhX258v5Mo='
6391ea673ce0404724678e6a,Joji,0.752,176414,R&B,-4.45,65,b'gAAAAABjkoCaLyiJDPu3ycINDOAy5G-YZf9p40_zs-MylxxUZkK_S15i6Oe_RSYB7JilA_92JJ3FjQTZSFjoiFZmQyBoDQFlIdNMx6XLs-Fv8pero8Ytf0gEHwH421ukz2SdFkFdRYE1'
6391ea673ce0404724678e6b,Jennifer Lopez,0.721,213750,R&B,-2.528,70,b'gAAAAABjkoCaR9bAnrEu9njxPih3kSxcZhsMe4vAQu6kDWkwW7gzkbKZfkd0KtHyK09j47S_-eNbOf53ayX-u6iHrHUX39HuLQ=='
6391ea673ce0404724678e6c,Rihanna,0.637,218947,R&B,-5.38,72,b'gAAAAABjkoCa5krMauruUwE-Eb1irMGMk8CwX8ulrlO3mQRmmfB1ClZLoOz-uZWlNByq_q1fJcludMIIFnRYUts_i1dCXwFlOG-XI2RIsVroNsBbBBNV9Sw='
6391ea673ce0404724678e6d,Miguel,0.612,164453,R&B,-6.71,66,b'gAAAAABjkoCad3U9eYYz9vlETFB4Gj9z5AJVlhF3h-WwNGmswuBx2HspbjEXT3dZboYUq-vOoeqOeYXB3X8pfXtbEW0keLEDJ-rDWm0dyO8L0h3WkwBclBc='
6391ea673ce0404724678e6e,TLC,0.811,268533,R&B,-9.688,68,b'gAAAAABjkoCaSHAugBw1SMb07gE_-e7DxqEHRC5QNqi9EAiIFSHtjr-S8mZUGnfHdQE07_j5Vr1rhV9lG6pehFUDtSxe0YylDQ=='
6391ea673ce0404724678e6f,PARTYNEXTDOOR,0.344,212880,R&B,-8.215,67,b'gAAAAABjkoCaalV8CuGailJl05OgXp7Potx1eVMn2K0HOK8UHrQbjhEBRASoSNMnQAkj0QTEkHTUpTTvGFDZSyLRBdJIFD16wBO1yFtS9LKWcyASkzqtLGo='
6391ea673ce0404724678e70,MIKExANGEL,0.577,192984,R&B,-7.616,64,b'gAAAAABjkoCaZlc5X3IH9X5YJOa7NzVRygyUlX4KAoTj39eULW1YF43hrBrGJA8TZkVqw_Sjh4edSOARRoJuNUS_tKr4vNlAMg=='
6391ea673ce0404724678e71,Nick Jonas,0.513,186893,R&B,-6.049,68,b'gAAAAABjkoCaTycKwAVI3FYkxzfvZLeRnaxUNujZ1L-iWeEAQOwlyzPRHaqZlufInG8w2fBp9Rco47DpU8nk5XrlQGFuj-c82FbgHmxrkg8plzgxYso7m2GhSp9qPZ2klF8iPrzxob4VO9c0krTe29ngqEzBO6RSfw=='
6391ea673ce0404724678e72,Tory Lanez,0.621,278515,R&B,-4.75,67,b'gAAAAABjkoCaSKPma7WZsaJDayTYYBO9is7Da3znM1y3Rrdxh0gM6OzvR2AYoXPRg4D6eQr1O-2Ud5Z0UtIt4P4cPTppn4ykeOMZ8NE0Q_Jnkhi-bnAxUNnf-GhqcjDidgqCBG32kBL7'
6391ea673ce0404724678e73,Chris Brown,0.741,220964,R&B,-7.741,68,b'gAAAAABjkoCaFkKEbjJq-aNxOUJ6G_OsnlppTCO0QrwwUwYGB0xXQOiqI6rgk_yh15ABsnc04CbFB8nHXm1PbOogBmGZr6Cj4w=='
6391ea673ce0404724678e74,Alina Baraz,0.684,228966,R&B,-7.232,62,b'gAAAAABjkoCaDugaSAv4vo0n1QkDZiLROgWYq3rWg-KuuDm3dlu_0dKYkwAkw9psDKEoBImEv2eZITdMN5GBie22IIg1IxJkMHlqDMeEfFihKl3sSpyVdN8='
6391ea673ce0404724678e75,Dreezy,0.735,232707,R&B,-5.962,62,b'gAAAAABjkoCaJnMs_ork0EGMe2csF79TnEGMwgbjR3QCpRy1t9c5D3LNs9uGTFFhQ6_mByRSTD_bt7Gu_d27RLYAIS6v2a0cTQ=='
6391ea673ce0404724678e76,T-Pain,0.716,222004,R&B,-7.774,57,b'gAAAAABjkoCakrBzPETHERsZqNrLTlwgud8RZF0jaJvXpoQkt61reFG5R2rtVTtKMGYPCSDNvdAwPXUAwRfpxXKMPoj0pFLpnw-Z9976nBkwwmHkEsTTt3k='
6391ea673ce0404724678e77,PJ Morton,0.502,212973,R&B,-7.581,63,b'gAAAAABjkoCa1ylg984pxnc6517ZUy8tF83Pcn9YI2ofT51NnXRBvEwADmtxy9xXUrnIFK2fF7dbcp9HNzRsT8CZqv3NfUic7rZmGr4lRBF6INSa_YMs-oo='
6391ea673ce0404724678e78,Tom Misch,0.785,357357,R&B,-11.446,67,b'gAAAAABjkoCawAvNdbe-oYLWpVD4xcTypU2pxL_PE26RLjlpAFk9zaQRj2m22mAXz8ciCh833R6fGqhFOTGDqfLs7AXwfhBtGA=='
6391ea673ce0404724678e79,Usher,0.781,269493,R&B,-5.81,70,b'gAAAAABjkoCaHg6T3DUWdT57WfWRwHbYIvuyYl23uTSdOo6Ky2PDq-cL9rgL5e7z9He6NjPkKDwdav5q0J6NBUk-5yP2pMUVPaezsz92r9ap1Xz3RIKRUU0='
6391ea673ce0404724678e7a,Jeremih,0.679,264200,R&B,-9.313,70,b'gAAAAABjkoCaSHddEw096o_-M6UKtkspfZi5FkHAfTOGHskX7n_C8OLPZGK-3y0zkEbYB98RJkaQh7DRZCdRPVBPfGppD-XK8A=='
6391ea673ce0404724678e7b,Dijon,0.674,230625,R&B,-3.471,62,b'gAAAAABjkoCa4PYpU1Tq1qjgFsieYKLekhuRYy-auE6hZ28aj_8zthxogand-OOFFXf6yUVq1s4whRFD6Ra1WvDP0-eh7ALzXg=='
6391ea673ce0404724678e7c,Yuna,0.678,243133,R&B,-10.144,65,b'gAAAAABjkoCaQeLj2nYAYEJXdceeBLvHghJxmMoZhzP0hAWmJ7ivp_trz_SnxT8BCsCCqsdgBmsrnvpcINuQxhgryWSU35zVbg=='
6391ea673ce0404724678e7d,Keri Hilson,0.666,243920,R&B,-5.004,64,b'gAAAAABjkoCaARz8E7DnQo2l88xaJmgwfs2uagNt9mvQSJBhG3Q9KDAwwGRkLZ-zlzS-galw2qDzxENhKhaFHg3qxuLoCFgtM2trnuQsDj8du0NE9zd5HmQ='
6391ea673ce0404724678e7e,Steve Lacy,0.784,118393,R&B,-6.417,63,b'gAAAAABjkoCaRSEo_s2vziphHMam60HWPfIDvOO6pUUVc_aDXgk9TgRwg6Me3L9EttwakgbwpyysLrSXSmiJUW4n4wrRdaaZPQ=='
6391ea673ce0404724678e7f,The Japanese House,0.605,208280,R&B,-8.244,62,b'gAAAAABjkoCaw63jetoJ4pXRqgtF0McqFkhZUADN_0cYuvM4WNKslwThbC3epmiwqu7_8cghnGklgqMuIRUF-kiAvbO2TH5YfHB4APnCn0zPynxsZuv-3ZY='
6391ea673ce0404724678e80,T-Pain,0.738,293345,R&B,-5.403,59,b'gAAAAABjkoCaleMH8iDbitT1pz8rfFkuiYjKd805WpZPafQfCiSpXdxqOJd9h3sROxugXpQt0vEvpzai06X6ii5_COStAoXFaU3vO45ZQDEmV0RoyzvbkE3FqBnjX-gLu8-ceGIpaeJB'
6391ea673ce0404724678e81,Tory Lanez,0.539,199627,R&B,-4.332,68,b'gAAAAABjkoCaJ-yhvt41kGElHadK-eUh6ArrYPJsP8ro7GzxO9Pf7QegkJLDZQt-oUnyslVKl7Mnsw-KPT-ezlZcNEQUM64rZPfRjf1elhvHJ8j7YJH7a90cy0oOoq34Lo2tKDQ8rtXr'
6391ea673ce0404724678e82,The Weeknd,0.671,197653,R&B,-7.054,67,b'gAAAAABjkoCacCcKQLedBAkjKeka9L_QXL3dcoBkfE1naI-5rpAAXMuPvD7Bxh3E7-IQUrUW4D6EcamykWdmf-49REM1pJj3mQ=='
6391ea673ce0404724678e83,H.E.R.,0.794,188987,R&B,-7.401,61,b'gAAAAABjkoCaZ6eXvbSWz8wflBEmSwLU539zJc2-OwFJREQTttVcJPV0Dax0gqQi2HBbqyaCTy9_6dGXlsDtX1ZK1PtNDvmm_A=='
6391ea673ce0404724678e84,T-Pain,0.769,242250,R&B,-6.526,57,b'gAAAAABjkoCaba2aQfyEpZmKumf4YY1iIYGw64YkvW4HBn3h9Sb4IUCRcbyGI7kPtuGEEgMn1vXE6-7IF0JTPp2k3N0DnUSfrutU9DWj9b1jsPDn701fcNR_y8jL5mBi2pvd4GnWr1Df'
6391ea673ce0404724678e85,City Girls,0.595,202943,R&B,-4.634,61,b'gAAAAABjkoCade789xw2nwczw-k6FKfGLH13vS_VPVFZStiKYutioDhLlvyrK9bESB0ZQ1MTZFvdWFqrYDeJJ-Ha86J73fmC5eJYydz5TOOxQiWT4m9C74Y='
6391ea673ce0404724678e86,Brent Faiyaz,0.385,291098,R&B,-8.656,60,b'gAAAAABjkoCaD8aUr5Pq50UT0THLXVVwYtnwuMTXqYzlayPuvl4KTJpWyAPveUeeCGIgSrnfInjYAz8aMu17RMs2BmL-sBqTwA=='
6391ea673ce0404724678e87,Jacquees,0.71,248467,R&B,-5.84,64,b'gAAAAABjkoCakgnkLscxsjyHqOSTY7BoXvltLE2VCbpT1JrbCDdSPs5HCpYLCqGxnVWVzZ9qEQJBTZSejBEHRG61udWqpyxYfSW-P5znpd4fpMSOJzFY6zg='
6391ea673ce0404724678e88,JP Saxe,0.536,211567,R&B,-10.446,67,b'gAAAAABjkoCadDqhqhkgJ1kejQcvBU_qjPj-Y7dQpkCTkf28H0Vc9-tHE0SAIEu-6BSf4pIYGC7UKXnpTbfcls472GUczR6PeJfdss5p70tDePfyLqdUIICKlG4xBhSMjEORzIa8PcpF'
6391ea673ce0404724678e89,Chingy,0.866,249800,R&B,-3.977,70,b'gAAAAABjkoCa2fbfYuEF9fDQnGNdYPyoVQYUDcwoqluTtTaCfJ7xvXbnBuI9QdENm8QSKKCgcbDUnSqhadVQbVBnfbgIYdqdRA=='
6391ea673ce0404724678e8a,H.E.R.,0.535,205973,R&B,-11.887,60,b'gAAAAABjkoCaaTnIgG_pvtYYALOlyKuPYdWglaXj06Z_NR42eFyixRQHbY90pQOEnZSO2JCBbLPwHZjmCsHJ3z4rQ4geIM7fiQ=='
6391ea673ce0404724678e8b,Wale,0.512,213253,R&B,-4.959,65,b'gAAAAABjkoCatmmF4Z-2ksoTYwmM0d-OQbZSqMBEOhTV522Xq62ete2gaFhRoB2tjiMoATlWOGBpQCEViuFDKQIA98iV9zNc9jhvcrjm3s_0hW6dSNTTWyShb-dSmMDbVx7a2QbnpGga'
6391ea673ce0404724678e8c,Kiana LedÃ©,0.789,181267,R&B,-7.042,62,b'gAAAAABjkoCaHjPumV-2vX-avHftB9pz7AJiAH7b_d4XoMbjiH0BqvIKfrOAyfuv_X-PHO0uyG3xWQTWlj4yUtGLcAj_1nZGuw=='
6391ea673ce0404724678e8d,Iggy Azalea,0.741,209423,R&B,-3.77,65,b'gAAAAABjkoCaKEDLPZIpHmN0GA14MW1hlNlU9n90oYkS4JH_niGgprUUmjCeKv7Qo4-sdEvG3zahKP1xjGxyAw667WfqBU6Xrw=='
6391ea673ce0404724678e8e,Kelly Clarkson,0.808,172427,R&B,-5.43,67,b'gAAAAABjkoCaEQmFSY0NtszTYL9aN7u-6pMDB52LFrcR1e5wRSHqhPkNruskKpmSHu0yf3-SqeZNH_qI8WZCUAroup2srt3Qsg=='
6391ea673ce0404724678e8f,PARTYNEXTDOOR,0.598,202661,R&B,-9.309,69,b'gAAAAABjkoCalB9IBGyuGMDpmKWSO2lohsWT-57vYSOxwacQ7KDlQ70n6AeG6S_UMImLjErAstAgeOVK2C0oObOB0f9Poa-jGQ=='
6391ea673ce0404724678e90,Tory Lanez,0.596,216689,R&B,-7.522,71,b'gAAAAABjkoCaGD6Zm3FaizIeqk9bL6zubjtznY36JMK3nfJ0QA67bi_a380qUCbURkNPkLiUhnSEJf3akbDxcYeq0tr1MNErmI6VJr_VcQxPAcu2shSmwvk='
6391ea673ce0404724678e91,The Weeknd,0.853,220173,R&B,-6.955,68,b'gAAAAABjkoCazb4l18sCPOtenfMGme_lvfww4sTBkLIV9MIfbev1_PvEAMQPgrbx_lXN4BG2y7kUnTFoSQWhqZN9Awpo5QSoyg=='
6391ea673ce0404724678e92,Nina Sky,0.876,232000,R&B,-6.446,66,b'gAAAAABjkoCaV3MSA2XTRiNRXz3FIZ6FRN6tSUcwlnVZ94gpsS5k190ElVsliGeGioXMdPeMkNwHqxzz7-Lr_t-5Yw8OmFr-Vw=='
6391ea673ce0404724678e93,Fifth Harmony,0.689,210573,R&B,-5.194,70,b'gAAAAABjkoCauNVp-f60R7-YJLhppG_Qh8raNneCwhgYFANPOfwJKzz1pF4rgOiYRGNXshpJcUEAxaAC5ZRwcmSjRisyBPdBTqaWALWFDON1O4qYzIbEtR1foOiYnw4ZQ5SyYNj7wR3p'
6391ea673ce0404724678e94,Rihanna,0.677,238920,R&B,-4.905,69,b'gAAAAABjkoCaJr1_zgfRsr-Do46sN2cpgi9ScfpooUA4hLrNL9JnIyb394aZ5BglsRIDUlXXJLEfycJinVWyBzfhCburzbYxTg=='
6391ea673ce0404724678e95,Jason Derulo,0.442,215747,R&B,-4.02,63,b'gAAAAABjkoCaW-XXNzpIHB2nXI0Q7TIMxEdJqI_9t_4Lf8iWRAjjFrzHsCsTeCu1Npybg0Ic5HD_BCLUi4HrCk6kOxKgWdfAQQ=='
6391ea673ce0404724678e96,DJ Khaled,0.549,227293,R&B,-3.535,70,b'gAAAAABjkoCaaYsqL2HkW_bBwYx-nEcu2E2yIXaSZEWuNWlbHzXBhql8g4_i59yoagslRhN6ItRp1LPJidhNmqnK7wgROdDyHg=='
6391ea673ce0404724678e97,Demi Lovato,0.583,197720,R&B,-6.389,66,b'gAAAAABjkoCaG9fANA2Kb2Fad53tiW4Bp-wwlZ2CD0_vpM96MVa0tb7Yop4Km9BpGde0dk9_xDXpV9Ub4TZpaw8aaw-JVAzpoYVuG6WVykES1ce0Jz2wbAk='
6391ea673ce0404724678e98,Nao,0.488,221736,R&B,-7.399,65,b'gAAAAABjkoCacDJ-xn_RytQxpvYTYdJ5LJGXJ02b1KH23I18F6gWPi5nMorXStXqoCbjmqUKScwqwCxhbGcXuj4P9apZXnRCgNCAUHvPc5MoiDm9uQ85y64='
6391ea673ce0404724678e99,Adrian Marcel,0.849,237653,R&B,-6.386,61,b'gAAAAABjkoCa0b_DuGof5w7rYzrU9v_U59AXjDi2BqL-LhZl2Y3ds17z6PSZihJOPxgWGN1cZTNXN9nkQzQpFbWhdMXEfQgFJg=='
6391ea673ce0404724678e9a,Mario,0.684,216893,R&B,-8.216,67,b'gAAAAABjkoCaBjYlqsmF4t5WbcvMg4itNbHFkxHjnkoBcBXvxNRLl5GZW6mA3mGJe0rXe5dBg0ThK-kKdrtKIjNcPjziTz2LKESHV25Lao_nEWvuVJ7mRzo='
6391ea673ce0404724678e9b,Jagged Edge,0.596,232573,R&B,-6.239,70,b'gAAAAABjkoCaP3TM88PKjfpUq0q0km9RgifnpyQL22AwBUgStEmlZYmwP5MqQ_tZXWIs-PFA2U07o4mfwbK6SP12SBbZDocBoAbh-X7bUp2eMaDZ0THdWRs='
6391ea673ce0404724678e9c,T-Pain,0.705,273810,R&B,-6.397,56,b'gAAAAABjkoCa55-x_OgpP5usJV7PnQ9MJTjQ8-u_FtIkZm8N4Zy01ldljhn7nA0a1OtDnjcse6qOVBVW9jqMajwzSXVSfSJU40Va4QzRsKwcywIC0DK3xws='
6391ea673ce0404724678e9d,Ari Lennox,0.733,212670,R&B,-7.962,62,b'gAAAAABjkoCaMJxoHRQstnKCU0HTcoUJx9MfLxmYgHXwbwpFzHkscwgzK6gSGQzzV4cQ_ZVji6VZiYPxGLtiTRY1bwn4nO15Xl79oiJT4472cagOxlAOPyE='
6391ea673ce0404724678e9e,Big Sean,0.656,268947,R&B,-8.925,67,b'gAAAAABjkoCaRYcOVoUuNy4SpFQf0y1EhWIJ8QIeKTDp-PLqL37Xste5qnV6e7zAOgBjbPlbE8n184xtAJmR0-10PVxc3ihb5c8JFdHJooszwdxy6qM5lBk='
6391ea673ce0404724678e9f,bLAck pARty,0.749,302001,R&B,-7.526,61,b'gAAAAABjkoCabWuiIjegRJM3NDXumXPq5Il0CkwLyzQDCdJYRBfZ7_PImyMyRIoC4h8WmSJdeKzfmeBcd2qgE7VE_FB0O24nzg=='
6391ea673ce0404724678ea0,Olivia O'Brien,0.78,216507,R&B,-7.982,28,b'gAAAAABjkoCap8yImIcjHPcF614jqjV7yKdQTwZjSpf6MXscpHfmrFu7FxbxEmsO0iExxciI2SE92L8zTO9IYchgAwhaD9OcY3MLUXwW80QRnsNPpTF9K3U='
6391ea673ce0404724678ea1,GoldLink,0.691,226963,R&B,-3.934,67,b'gAAAAABjkoCaPFxe8kfHcu9j9TsIksFlqT9l5VSMSS4od23gusqPnYqc4K_HOEYXYgrCSXgKt8P8beGL5XGo3yr3rnPM7hDsrA=='
6391ea673ce0404724678ea2,Raveena,0.759,201334,R&B,-11.802,63,b'gAAAAABjkoCa5B8PGa1Y19rgEbqP_lmJbuxwlRAvrfmGt40LrUOKuQfEz6FjBjgSe8G8uQ3EZuPm78vRb3qw9-iHH3wsZG_kRA=='
6391ea673ce0404724678ea3,Trevor Daniel,0.803,171968,R&B,-6.491,63,b'gAAAAABjkoCaLn_ty5SttsKeB6RwuQpXIvZ36tiNq6YwWjBB42Db2IJVzhwh1dt9Y7gRsisZEeTU2srz2DeaZd5kSfkm_7rWCzGHWGtM_SdzrR_xT5bOkmc='
6391ea673ce0404724678ea4,T-Pain,0.514,176553,R&B,-12.078,31,b'gAAAAABjkoCam59Zjn-wGqyRBWW2LH-kI2RZgdnaqd3DCgyya7Bxbf97wlANsvmK-dS5Z7GTw9mxYBgbJDWPmvlZP9pA-KEKZw=='
6391ea673ce0404724678ea5,Tinashe,0.717,187537,R&B,-6.156,66,b'gAAAAABjkoCaHL4A4XSxfukgbUEogFx-TCea2U-FLRKGIMrDSo7TPRe87bdnKBxvVkHU2bcmus8czC90xjCLMcyvBK7wfcrSrA=='
6391ea673ce0404724678ea6,Peter CottonTale,0.362,215160,R&B,-6.351,61,b'gAAAAABjkoCaA5Xv9WJhUWVpRoTyurNy4WNPHRvyFrfObe5tTS91eo4kStg68iE0bpardZpXdRKa0EDzRoW9Y2uqaopXwu5W7g=='
6391ea673ce0404724678ea7,DaniLeigh,0.835,174093,R&B,-4.431,62,b'gAAAAABjkoCaFFPofaC2cFQwvjMbJ5d3BsgyLf0HSKLuCr01pKOMd7LilmyV90NuICPpITKNcCmRfYBRHrV_9i2qazfZNkP6mQ=='
6391ea673ce0404724678ea8,Ty Dolla $ign,0.858,216520,R&B,-11.306,63,b'gAAAAABjkoCapFQsT4wAaT7JWw_J8HyUMNhkttU92jyrPpBsmlh7bN4DGiP0R77ad5tr3sNPbFgiQSRQpwJIF7r9CIHI9vYC2q6PP0r4APdhblmfYt3rkK4='
6391ea673ce0404724678ea9,James Blake,0.557,197600,R&B,-12.353,65,b'gAAAAABjkoCaOD0X0ClainJGlhPpzx3WC_X1d3rVAAaCquw4pZWFczdBglB3PZotd_cyKGgTIDwNnk7lJ4jm5DtkdnTDjbSl0Dts4VsjzBzVUiDpV-KaK5s='
6391ea673ce0404724678eaa,Dreezy,0.889,187061,R&B,-7.77,65,b'gAAAAABjkoCaKxBh7cnrzQOqAKW1TELU69X73wYAUEFmnrZn-vyEujBHeuA1bgYu_T7WFbumrhqgLEvZlIo_pzAJuI5RGkW13XeLxPDD9Y1QKEr8vXoZeqg='
6391ea673ce0404724678eab,Snoh Aalegra,0.705,213293,R&B,-7.054,61,b'gAAAAABjkoCarD0cOEA60Wxw1_Mi1smT0s2WABoS9HFphpsZ4YdjuXAxt5YWEj9ZGUifT11ssEbyaZ2XTyWfspuGac22iJfv5XCwlu8cqkEDNOHAWPaGhUs='
6391ea673ce0404724678eac,Zara Larsson,0.576,224031,R&B,-4.825,74,b'gAAAAABjkoCawgO4MdtOzM8NEbwbbWQnC9umxzBOZAim0JaBO3nSNBpG5VLMHi2i6OTaQ9g_w2uLX-ynnxbXBzigMl_VnnwUvA=='
6391ea673ce0404724678ead,BeyoncÃ©,0.665,212147,R&B,-5.73,66,b'gAAAAABjkoCasxoq_cdu2gouLgOGsGVPUP8emy8NU0FNV3vr5z2Cc9bhc0Y67FkzM9CZ3ysAVrmlSk43-dDcXSWDMusPZj5ZNA=='
6391ea673ce0404724678eae,Jarreau Vandal,0.737,177063,R&B,-8.261,64,b'gAAAAABjkoCaQayAsmbUVm-VroSLUW7HFlvVwegqAyCrxUvh2ZgkKJlfS2_b-MKHGi2hKEoG6PbDLXBn4J2vBh_9YCjbVYNoGF8EbIQ8lMj3ntHZR0r6uHk='
6391ea673ce0404724678eaf,Alina Baraz,0.63,272143,R&B,-8.714,61,b'gAAAAABjkoCaNNSX95HMkzqbC-VnDtokLUtuE9wv9-MM0w__ROMSqV3MNoRxL2xArzTqZ0ggGNMPIwy8ZrUr3Vzu5on-DR6e9g=='
6391ea673ce0404724678eb0,The Carters,0.912,233680,R&B,-5.587,60,b'gAAAAABjkoCaV_cSHyUF8eWaYTEkBbNefcGemjXc1cORN3uolzSWC6leNtXlEmmPYNTv80LqMJL3JAHfHVSTN1O5gMsdxc9bbA=='
6391ea673ce0404724678eb1,Trey Songz,0.663,186307,R&B,-5.776,63,b'gAAAAABjkoCarHkLiqx9fY7uWHE-Kn8ej0pTqXGZim8SWXuRwDMl31jyuBdENX6uoKHSAX0YB-6Hxzn-RKIyZj0MHu6YhhHxeUZijlamLdWej8EhIwGN2qk='
6391ea673ce0404724678eb2,T-Pain,0.647,157390,R&B,-10.316,55,b'gAAAAABjkoCaksjmBUwce4DeBDOaYCMxl9Am8inIUgfNpfqGXGhjYHeR5e-w0sOumnwyqBOydvrj2OCvesAKFHYXicjX9cZDnQ=='
6391ea673ce0404724678eb3,BJ The Chicago Kid,0.655,181144,R&B,-7.269,64,b'gAAAAABjkoCaek1ZfCXEKA-wWK2S9crIpIDtuAKheis0ZGkvpO0rMPNl7BQRtZ5PWuaSBJVWX2h9NnUYkLyyepkkdH5ptCEOVg=='
6391ea673ce0404724678eb4,SZA,0.805,196133,R&B,-4.877,64,b'gAAAAABjkoCatkbCiVlPqiqJpMIg-Znz2zDb1iGFvWiaDTXU0K96BTqtiztHWijY-_uDv8eMB-k73VHsiDNKsrGPX5yCmn_e5w=='
6391ea673ce0404724678eb5,James Blake,0.649,246400,R&B,-10.951,65,b'gAAAAABjkoCaLYQB0Ap1yOrMTSLxMvGY8udJaslbAurKndEtd8jLh-1ym_WBSeW92L490Z-ZR2cKmgoFBhaGO2S6qTQ-z3xx2g=='
6391ea673ce0404724678eb6,Sabrina Claudio,0.531,197333,R&B,-10.404,61,b'gAAAAABjkoCa-ideNNOkQLsObRMMOJl8lqXD80sQM5d1YK3CAEVkPD_cHqj8HFFl9yEYFO6buVJaljfAKke3Q6F4SiCZUoIDww=='
6391ea673ce0404724678eb7,H.E.R.,0.324,172240,R&B,-9.995,61,b'gAAAAABjkoCa_aGS5PS74yZNpagKUnWR-EyOtEGVTfAMol9HQd72_nv8gTEo5vPZwU0B5C-LiKueS-Ba8H1Qkd2MvD_cnXvnxA=='
6391ea673ce0404724678eb8,T-Pain,0.514,161239,R&B,-6.506,55,b'gAAAAABjkoCaGzEq9TvL_kqBKvrGyaWNSWc7eHypVyvfPSjAqFPcMm-oZPxOE2_Jc2lHzd7ky00mloyySKaJ-1tSpDiUOYuVn4cFPq2EhXL7fEwxS4xwtI4='
6391ea673ce0404724678eb9,Daniel Caesar,0.688,144000,R&B,-8.134,62,b'gAAAAABjkoCaacGn8DC-Hat9tMh-9OzDhqWqb91Jmb3lYEfPgIvmisLka3tKP0U4UJRctm5GnQmJU8dSHvy911MzaDRYd5tPpQ=='
6391ea673ce0404724678eba,The Weeknd,0.599,198653,R&B,-8.101,67,b'gAAAAABjkoCapLRxsnBUvCUljJB7rLbcw7r4r10W5Neprz61bpXQekDObprB1vFju6n-eMXoJOdklVVtrVV1jmC87mdArkOkGwkAnbssIhlzX76GIiCMlLc='
6391ea673ce0404724678ebb,Sevyn Streeter,0.684,214254,R&B,-4.982,65,b'gAAAAABjkoCazZNpL0LV1RqtdREhnJsgPoCJsX7hl0CNvcnmR6UmfPLeifyhGZW2HrmV4U41MseHh_C64xksWfnyj1iFVXF-R4DqhhXmirIdSNoTyVvL4Bm-e_Ax53f_8L65bCkq_VjG7iiS2bMHoCJhU0fgAhH_Ag=='
6391ea673ce0404724678ebc,Orion Sun,0.506,169756,R&B,-3.96,60,b'gAAAAABjkoCas5DKKF_SyDIbPBuSX8OlfDj0P1bqu9sJavvG9JOtZnJtXWe1miMDuNZ0EZGTeN5OEfWArEiVlXoAY3WFonxP7g=='
6391ea673ce0404724678ebd,John Legend,0.488,210293,R&B,-3.842,68,b'gAAAAABjkoCagf2B-n3NqHQ2CuPT8PPFrtxZFBFyL46DmCqed26QMBfLyxzn3nKgd_kM2CAC4eWLw-5E8WMFEn8i7LCkUQJJDA=='
6391ea673ce0404724678ebe,BeyoncÃ©,0.616,377467,R&B,-6.062,66,b'gAAAAABjkoCaxiKvPd-PnXPte8Q3_idW9eP8mFXSzSNcHE3bqC_xjBZhxNx7A4bVZK-AQmkk_FA4mLxwbodAhgaTydK8g1kJHw=='
6391ea673ce0404724678ebf,Demi Lovato,0.643,205347,R&B,-3.099,66,b'gAAAAABjkoCa5G2v7RPUll5xus7_8oXpS6yQK9pUiAhNr_Hvvy-FVqCnN_PuP6nBlpxprb70aVPzcixOFKBLyvOuZFxFVIdKCUsOOdKUMY2iM4LNX-WsbQQ='
6391ea673ce0404724678ec0,Labrinth,0.558,271813,R&B,-5.857,60,b'gAAAAABjkoCavnkH_-C-r8W5FML3Y5cbeV-3vM1v6SUXKbB-x__WVjh860NUUbEcN8JlQIfzN260bJIxbjKsHLLGPcianTqlNdI1E0nDh8C9R7lQtDvtxuU='
6391ea673ce0404724678ec1,Yo Trane,0.631,179293,R&B,-13.056,62,b'gAAAAABjkoCa6wGLMTbNzuAVKQ9dHUi6wmw7Fi04LtIMDqSYSrQKatDhPQNvq2TBKvx672CNIG72V_J1LWw4iO_yHADUJct_6g=='
6391ea673ce0404724678ec2,Twista,0.828,233360,R&B,-5.435,67,b'gAAAAABjkoCaTY4xgzX3_h7qxItzkbVP6byCc_GW7m6vNYu0ZUaoFZQOM7v_MjNqM0nChokIIy_EJs1qCS-YgbifX8E_1rz2qPY884MwrDSlznQJbeDerSQ='
6391ea673ce0404724678ec3,Fifth Harmony,0.596,204013,R&B,-4.245,71,b'gAAAAABjkoCa2BYl_6ZpTNP5UqfL73_2Y_VEPSQnvuOhD0QneQSEwblu6aS1MpshFykK14c0uDfnP9SSS-hHil47Y25kN8d69A=='
6391ea673ce0404724678ec4,Ravyn Lenae,0.712,196755,R&B,-6.714,62,b'gAAAAABjkoCaOvvxlIE9o0zlO9_SMUCJbID-vzi7F6GyUNFSDgiv6i_0bsb7wJ7xiwJ2990R82j0sba9lHIfxMDoycFxO8gi7w=='
6391ea673ce0404724678ec5,Mario,0.538,214200,R&B,-6.099,64,b'gAAAAABjkoCaSpT_2KkoEFb5QzNVDVXDs1q07avpbdvvdYV-3sSVRrJl3k5WcTYavG6yodSaWXY_Rs1yZYrsvPQjD19RBxq4VuotcBBrbI4ACrAPmBeg61Y='
6391ea673ce0404724678ec6,Monica,0.618,242773,R&B,-6.863,63,b'gAAAAABjkoCaNBJG1lrrg1Hcti_pZUGFV8dNOozuSdIbDGGSTFScCVw-ONsDc0Yih4mpyF1guhjOYDwv7z0EeVHzcS-u8yAC4Q=='
6391ea673ce0404724678ec7,Ne-Yo,0.622,220853,R&B,-6.417,68,b'gAAAAABjkoCa6YJF4GkbhYZBC7kTVQlYQ3zIcmQeDxVBR4K7bilF-LqsVMSqSkiyD5kv48_Vjb3aWwgq1FG8EISoLPRupcc6NQ=='
6391ea673ce0404724678ec8,Mariah Carey,0.71,195867,R&B,-7.187,65,b'gAAAAABjkoCagIF8rsTIQjPnRn7-GGVjWpwUyKRObdEUJwbMhwZTKlX5iipkgVUcXCBeXvbCIK2Dzs4_kmojRsirhszGYUs0_Q=='
6391ea673ce0404724678ec9,Mario,0.516,218627,R&B,-5.844,66,b'gAAAAABjkoCaSOiRur1KIajEoxcm0nfAvsz-fkflSE0jEBNRzijivyXCdTroSBbkiL-Bjvra9xdVEOAK-w_rPCBAozgc2luH4A=='
6391ea673ce0404724678eca,August Alsina,0.577,251893,R&B,-8.346,63,b'gAAAAABjkoCanyaswjm1O39rV8qRoRZtv4qB9sKk4t7gGyBPQE87WRXK94733SXCsEZn1kj1jSXXC6Aalj9ZqcpG7XLFUfCfkyqKMqMP7FqsvzxmKhkVkc4='
6391ea673ce0404724678ecb,T-Pain,0.604,211861,R&B,-7.647,53,b'gAAAAABjkoCa4WYFaK9o_MtFhms0wSjGSyiZ8UOEfr82Up15TcHmCNPCAUmJb_ykdDnhRTQubopPjvvdoUmrlUAsMvdi98lMbKxZZilh5KyLsOS2Finsjig='
6391ea673ce0404724678ecc,Doja Cat,0.71,217813,R&B,-2.474,64,b'gAAAAABjkoCan74V0bkqbW3dIyyUeXA9E-XP8KdkPsSMLlOZXxg8LtyDPexAkWygvolE6f7ckQl4gl9nvdzgAdrrS4pBesKzIw=='
6391ea673ce0404724678ecd,Arin Ray,0.686,233266,R&B,-5.702,61,b'gAAAAABjkoCagYTqPZZRqYPu-hEarRQf-RSjoAnTD__OgCRzmrFs0pkXqnI9VpK4Jg1bGXidXWidrpJpHa4dowYY1aGmnlpdaA=='
6391ea673ce0404724678ece,Usher,0.845,211200,R&B,-7.674,68,b'gAAAAABjkoCaVAVoei6Fua8yMY2HQa-wREZRjP-nUTI0ZYG39ol1wa863JOTXulEH3cpK9zbkpoQHarsBJNLtefv2FLjmt0q9HGimpcPm5-9Qx9NwQ_3ke4bchdo-Mqv-BH-l7bZ_wbsOPFxEh2Ag6s9IlJmlTfr9Q=='
6391ea673ce0404724678ecf,HONNE,0.503,233601,R&B,-7.007,67,b'gAAAAABjkoCaIjVqpZAvOXfX77WoLfUuQr_SjCDTHg1cCsSvRu3fEFUgJ9hRiUAd1rnu9U_Rhy5HD4K2E9Bp03rot-X_M0yTrQ=='
6391ea673ce0404724678ed0,Madison Beer,0.743,218460,R&B,-3.864,68,b'gAAAAABjkoCaklFJD6WmdlddMlpQGc2sf9kTTCNYwJ85tS5mYAXd6qs3gXsNLU-JeRbKgStYQI0DnCf75iFF3fyONYcpU-hZyQ=='
6391ea673ce0404724678ed1,Bryson Tiller,0.657,218253,R&B,-7.689,64,b'gAAAAABjkoCaWyAo8LL9Pe02sV3CU3vFCgfPP-oY4xPkApkAu0cqh-jflzDPQSoYuIi42nz9NenZifc5be2yz5mNScDuVvtXaA=='
6391ea673ce0404724678ed2,Ellie Goulding,0.702,213445,R&B,-6.666,63,b'gAAAAABjkoCaDPtlp5MLCWxPgT35gDfkb1l1sML_PvbkpkV_ntV5p0JI_95WwOxeab9IlahVlergtG-A-DAJg1VDciMiVf6qig=='
6391ea673ce0404724678ed3,Summer Walker,0.714,154983,R&B,-11.319,60,b'gAAAAABjkoCarHhPLqKf00hEOcEM8vfTp7gKowudGF56RHF_LyQ5t0_LPYZCdyiJz9bVVe3rOOSiEr0eYVD3TijpWHNB2p51FA=='
6391ea673ce0404724678ed4,Ama Lou,0.688,176327,R&B,-15.271,62,b'gAAAAABjkoCaZh4BivyKFjRXkKoJkEOckv9J36otEwyVolHJyTVwjYUDkj3un3mM7HFm5yzWoOQKVpCZA3ZZQkbBO2CHSfCVFg=='
6391ea673ce0404724678ed5,Charli XCX,0.867,162586,R&B,-5.192,72,b'gAAAAABjkoCajKW7ikLgkKf3d6_CEqcZfD8W5ZGLtjAhrff0-EEVNVxAxNWjVMerokzR0HRMIZCkh7Cp41cCVs3FLt9Ur1O5JQ=='
6391ea673ce0404724678ed6,Ella Mai,0.527,251497,R&B,-4.996,61,b'gAAAAABjkoCa5O1cnX_GnFtIFuX6ZnqbxUmegm2Eldg-lunNwsJbKxUn598_AtimAAuMRwjFskVJ7bpVoh8IJmVg0KJAbdsszA=='
6391ea673ce0404724678ed7,Annmarie,0.649,195254,R&B,-6.051,60,b'gAAAAABjkoCaaM00B8Ga6uRd530lZTplLIBeP6Gal_jyx_VTqpVsLPf643o4RSSzAuqSUq4OfJq9TOOL_U5EHwzIhQl5WIMy5g=='
6391ea673ce0404724678ed8,Jason Derulo,0.668,192200,R&B,-4.736,71,b'gAAAAABjkoCagFC-aEWhXLrJRs69a5UKYN82ncot0V7_qW-JYx80iwHFsQMzAI8FKiKKA-h8ALRMhhPc_gF_DyCQl2JdIcVXjQ=='
6391ea673ce0404724678ed9,James Blake,0.413,289600,R&B,-10.361,65,b'gAAAAABjkoCahGD1FqFoVTX8i0iXiZ0_iRRQM2wFGYAmEj8s411kqEWi5bZobkJKFnFx-ygiGH8Da-NRNI519H90AMCAgL1oHA=='
6391ea673ce0404724678eda,T-Pain,0.51,147376,R&B,-6.15,53,b'gAAAAABjkoCa_RXGPW67cBXxjsQ3i5WFTz_q9b2UnlRMkxVkKiQQdIaQfWEFAdjM2qfQZCOWChcbwZz8HleHBjodFByUhVrhs0Sf0-pUk-J_QH8E_qBSDu4='
6391ea673ce0404724678edb,Chris Brown,0.644,201422,R&B,-5.097,67,b'gAAAAABjkoCaKldL8S12TVLV8HEdffoE48I4mpYPM6D7BGl64qvAh9IE7hESz26U23DLCUqqju6jjU3A6UoFYmplIkmDLis6SWjpQn3KpwBuReW_Nz-V1BU='
6391ea673ce0404724678edc,Ty Dolla $ign,0.77,163133,R&B,-5.717,66,b'gAAAAABjkoCaXZM89z6Hz01ehmaWXUTnLlZdCzSCZVH9YopuWDzS40Z2n14m0jWUiZryYj_v7u0j8zpKjARjjc0Glk460w3Yew=='
6391ea673ce0404724678edd,Jorja Smith,0.583,226906,R&B,-10.21,68,b'gAAAAABjkoCaiCTep4pY2sD_cHPQjkWNDSL3IGtYHRqiOQBwoq_RB_kT39k7CmjwB_XHew5MjBftqoa-0JTlmHbtctjI0Bc_Fw=='
6391ea673ce0404724678ede,The Weeknd,0.469,321027,R&B,-10.614,66,b'gAAAAABjkoCadL3PlvYpxDCLYAX4lPAd5bVeQLszum_nipnPSF2IC17u98wLEKIBxE7_6gmW2E-tFs1gEnNN-eaILbZTPrzxEg=='
6391ea673ce0404724678edf,Tobi Lou,0.736,215385,R&B,-8.636,62,b'gAAAAABjkoCaPoC7gs9vI4v7vW7rJ19JGnik7rG1TKeFG6a5eXemIrAjnr4eOvjTjB2-KkWm0YU7WxB9x9Waf3JXl7Pq-OmZUg=='
6391ea673ce0404724678ee0,Frank Ocean,0.276,175453,R&B,-7.684,61,b'gAAAAABjkoCaoLPp3DZLIr1sTZ7AvZQFZMNNw58N4G-ImPXRKghPaoP8DQZhohu1J2TfTBZmu2WmW2MjGGSI_hzjnMGPs0uYZg=='
6391ea673ce0404724678ee1,Chris Brown,0.647,201253,R&B,-5.483,66,b'gAAAAABjkoCapEvhh71JV7MOIa8Pd5RonSOTqOnbDKyOpS_vVw5bg9DEkJPNlQXk9ZsO30er5WHJagXKblL08WgprSxQczk0gw=='
6391ea673ce0404724678ee2,Les HÃ©rissons,0.651,128240,Movie,-6.512,0,b'gAAAAABjkoCa8CuvnGQ7cHKxa44DrSzwQqn2v_Y0YfzXPGjnG45bfhN8T3gOmdibiG9LvlTG2VoQc-0D3obItSkEmDuwJ7lT3Q=='
6391ea673ce0404724678ee3,CÃ©line Languedoc,0.32,242627,Movie,-9.057,0,b'gAAAAABjkoCaPk6kcxZPMCMltuZuCDbm8m29WX8IACBhY-0Pz2MVeRZabCOhgl5YsrZ5TvCn-IG7j1lpwCTapF8wLpPA-ZvOjA=='
6391ea673ce0404724678ee4,Henri Salvador,0.405,176907,Movie,-18.145,0,b'gAAAAABjkoCaoZuJRXFx-yJDqIKmoOLsbZ36mj4QGrUDCkA_Vx8lqwPQmlplCy2hnnPjZysRYhXGYCnQzmoQOayz_ZBGLQe0hiP8Wc8SZEJ8CCjnJ7lCcYc='
6391ea673ce0404724678ee5,Henri Salvador,0.495,138387,Movie,-16.153,0,b'gAAAAABjkoCavNXLy0TuiHiPUpjV42Yh7vYjTBZj8_CD9zbrY4d0B_IQcZTmpSoU4Qr9mM4bGe88UcjqEuX61pXGICya2916rQtw18hAvTHAJ7E0HbQpNic='
6391ea673ce0404724678ee6,Leopold Stokowski,0.142,1029560,Movie,-20.735,0,b'gAAAAABjkoCa5rhJIDa6YkZq1oX0cEDkM4wL6Bg7-T3Bq-jaBv84mDdXAignHlTXvrQ5bNhDNiia2SE3dLt7x_new3MteLBGRLew0KWDumnlDCaqaib3FirHlhTJs-xH8N65vHs1xW8nv8XWxEf6vG570rKO7TMtqmAMDk_1Ozf85JGBoGVwXtGnp8RsuVHPtq5Qjz-9z6_D'
6391ea673ce0404724678ee7,Henri Salvador,0.379,174693,Movie,-11.6,9,b'gAAAAABjkoCa7ISa26aQ1Kz955LcDFRh-w3u8QsE6Rs7k52TT2EtEDrvzwNQbkx_KDQ_PgGNoRpE_RS1GswTaq_WA-8tfB2T26hrabi8pkenhZvG6H3AROE='
6391ea673ce0404724678ee8,Chorus,0.373,18800,Movie,-16.57,0,b'gAAAAABjkoCayBnq5_Wqk7u9-wisHGpwdBkSRQHeWj62izuX0oGsPA_W7fSJ-gBX8rARv-MLKdgQJ4KaSE4oNSsAoU40urz4E8kB5AE8pqmG6dkDTy7HZdI='
6391ea673ce0404724678ee9,Henri Salvador,0.378,296280,Movie,-13.175,3,b'gAAAAABjkoCaMk78MKsEy2bj6yt6rsJCeJe0Mus96YiX-nVT2BXrRG6Qo5OrUbkoaLGKR1_p8jZqhtmTqVpfyNAqXtH4VMAjcA=='
6391ea673ce0404724678eea,Henri Salvador,0.206,170107,Movie,-13.97,0,b'gAAAAABjkoCaNU_aB8GibRhjZjVU4YL6vJWkFBDkK8HyyeekozLkFrsZmDG26jC0gXTMTSfOi1PPe2f9S5AcuJA78UsgU5SZyOTPp6coGv2rZsmQYu2h4Iw='
6391ea673ce0404724678eeb,Martin & les fÃ©es,0.574,176280,Movie,-12.247,2,b'gAAAAABjkoCamwN1GvsswBgZ4YkNa69BmhP6_5KHInO5ny9Qos2qHq7wCjE9MEU5fjbMAixPrPz_9i4U1l0K9cysetJ0T7gqi53Z885xPQD8vrNRS_D2FHh8udQYPB_jw_-hkgthrPiDk1ymRLuN8a8efaGs9J9qUiS5WoBB249prW0uNUMMQT0='
6391ea673ce0404724678eec,Chorus,0.505,492627,Movie,-4.107,0,b'gAAAAABjkoCa6s6SaN3Da4jIolVHVxkda6FjNHANqlE1uZO8kLSMKUc2-zIf54q_cy29Fb43IdO_74NM9O-AXTX0abOu3lgBkBmTI0kpPG5qR0jbtU_Twfs='
6391ea673ce0404724678eed,Karine Costa,0.522,209960,Movie,-8.735,0,b'gAAAAABjkoCakMiY_LXQHP9TJCBUCwpdnv4spq7ALhJJ2YFvd5RqdU_AEuatW--NiqQ7R0pI1Ma7S1fRqtU32R18DzNmlX-mZBXxFs-C16CGC-sXFM5_P6Y='
6391ea673ce0404724678eee,Randy Newman,0.192,294667,Movie,-22.977,2,b'gAAAAABjkoCaGgTypD6ann5kdzqqthNa4QgYaYEvJ902-FhOumZaZ6iWGCYr8r1nj1TfWg7eTTEn8mwvgdHiU1y9xQHXmV8tm4VlpyOApEf43eWI-xgHWrMs7h12f_ZBxnwrc21q3dQy'
6391ea673ce0404724678eef,Henri Salvador,0.739,231440,Movie,-6.327,13,b'gAAAAABjkoCav6mHac1nDG_Ve8GqCpZnhC0S0qP_iTgiAymEr5WM96CSwucX5RuWnKpovRjeSICsbg6iUVc2YUeumQUluuuL7Y_Z2VGpYQJROWbqUPSlAeAQFQ5JCcBYB0ee-3JCDY7l'
6391ea673ce0404724678ef0,Jean Piat,0.751,193760,Movie,-21.678,0,b'gAAAAABjkoCa28_QB3d9UcQeYWporOqguwYhBGljgBdVJbiBbzUS1ZpUKvelvJYIztzDjalEqC_WzUjvk3GNIJlBvYIFm5kGNG-tLIGRUoikDHMV5XlwsXf7ACKVsALYS-ORMHF-CItzTbiV9w7ZAJUNTl4LK5UYmQ=='
6391ea673ce0404724678ef1,Leopold Stokowski,0.394,457747,Movie,-13.649,3,b'gAAAAABjkoCan-O4jj2QHX9Z6k7NtQk8DrfGL50_9Q0VknJwDQH6WT1N8zjbIJAzaByl--4ECSSVKkeXh9cyQMwErxeEEbkM7aGpo-RqUohgXFm8aPGS6lzvV7WUjzQQ0qFLhNedJkBU'
6391ea673ce0404724678ef2,Henri Salvador,0.509,157347,Movie,-24.515,0,b'gAAAAABjkoCakhl3dyhW2uYfpQpkTE3kLqlAkt5PGolGt6vHCWsYuiKcvkATgQSTml7KH_FLnKjX4JEotwyXoGi7tKWPF07wnA=='
6391ea673ce0404724678ef3,Idoles De La Musique,0.756,192278,Movie,-7.559,0,b'gAAAAABjkoCaq6gade1acCZcBM-BVOXUW-Mg2_R6p7x_i8k2v5cAntp70Reci-DO6kMBwYgx3F-yc-tCEsEnU8vSGwSZSQc163XA9U0o0zZ-NTf0xxWEjnY='
6391ea673ce0404724678ef4,Chorus,0.302,174840,Movie,-17.752,0,b'gAAAAABjkoCai-S_-eG0NWch-AWvTvTW7Myi_n8OXaJ0ejrXZuC4RdFM5-30u3Sm69xzCuozaEforo0ga0i0qnwN-pWF4hNo6jmsPbZTOeS6RwjlsZ_WM3AZD7BK9kVAnzOuk9UTvGIu'
6391ea673ce0404724678ef5,Chorus,0.492,251320,Movie,-4.075,0,b'gAAAAABjkoCamI-ejpFi7YKKWLMKuoNUqO2khUFqTIWlcP59Xnru5r8DTU1v15rojFs6_4Xgf67TwX1v3RnQHt0F8idbLEvBgv-mE_pSHA7oiHFzW0gy4XA='
6391ea673ce0404724678ef6,Henri Salvador,0.689,172907,Movie,-7.409,0,b'gAAAAABjkoCalKsJsVxZgHYxKtpbRh-NSNErsxWGrELw3oaEqISZbqhmiv4oUk2KInEXE44ZxWxq1Rjcy0vgra2q4IvVh0uwNVhYKPRnmkDAudTUCMTNUdo='
6391ea673ce0404724678ef7,Randy Newman,0.522,29200,Movie,-22.993,0,b'gAAAAABjkoCaW5MV1oI8QGd7mSKBKCw4HtrgGntRtBZT2fwhMazE8vnXkB5MAIG8fTBW2Y1UFC_c_8a3ag3CFlnKJbmCQieMdg=='
6391ea673ce0404724678ef8,Henri Salvador,0.271,216840,Movie,-15.927,2,b'gAAAAABjkoCa10Qh9IcJcOMRkZlNQDwfnxk1q7gZL5gu9myN4EuFwv6jBZXUUuHDT4P_0Edly3cLmv_hnQ8yFqk1zAxz6VWPjw=='
6391ea673ce0404724678ef9,Chorus,0.485,105253,Movie,-15.088,0,b'gAAAAABjkoCapMGTKM-qgOn2gQVncHiq5lc-EbI5MaggMdavtFPpicG5m-mFVCJ2Ud9lSl4TTDPPBOIN99jerLwHO0iA0lzYmE5FgKyD4L8Ox3EQw3oWzo6Pu3VcPeQQ_Y-JNuLNupyP9FIrhbLNOUPPtY7VzwXUeg=='
6391ea673ce0404724678efa,Claire Guyot,0.306,235915,Movie,-7.906,2,b'gAAAAABjkoCaDoEXEx9XtlZ_oHiTn6-uKUN2pIPTXaASPSMjYL2fXlpHOS8N7MBENoxUaKkohFml2f-nZdm3BaFe8BQsGZfzcA=='
6391ea673ce0404724678efb,Jean Claude Corbel,0.538,332417,Movie,-17.01,0,b'gAAAAABjkoCaHBjwz8xxllmKcbncgch9yDQ8GJaPSIag2MdGVEdqn5pRUdgCLXA1nscdloRNa-AJF9B0Aj0dEXXGxYIt_mrGAA=='
6391ea673ce0404724678efc,Henri Salvador,0.601,161507,Movie,-8.439,13,b'gAAAAABjkoCa4aZQm5ESX7q9QIYDUElssu_wDXToPeF5eUxa7gWQviSULyJTNJrWwp6GOR-ll-sv819X2WQjyIpZjiUhXeFgLXg0C7LKMCEIo1ZxaheCVIg='
6391ea673ce0404724678efd,Henri Salvador,0.577,21667,Movie,-21.688,0,b'gAAAAABjkoCaW4gWohwfhLf-f7nZYMtViaobwwj3v0Lbkyn-eNYaeX13jkQUeDEHsxNxz3psosZ7Npzvc_sq93v-h8GEPocQfocoHp4p_2spzZbRj3jKFE8='
6391ea673ce0404724678efe,Chorus,0.547,115680,Movie,-7.005,0,b'gAAAAABjkoCaOxrrqzapx0xJJt6VHkbokOo5Aef-kZIJS9-E-_jqL5oXIP2kzyBIewbzfr-92HknDa2CGKxh17_0w2uTpDK4o6vZsQY--Hj4O5oQ0lqeNtw='
6391ea673ce0404724678eff,Jean Claude Corbel,0.686,91301,Movie,-17.351,0,b'gAAAAABjkoCafu_7OlYDLynhYqanq8QCWCtgo3kqsv5XLyw2VzaN7JE2CRNzgeoL0sykFmjo5NsuUEpvb_6bqx_0rRuLXXkbJQ=='
6391ea673ce0404724678f00,Bernard Minet,0.644,169533,Movie,-8.516,23,b'gAAAAABjkoCafAzzAd-NU0dD2LnFrS-Otljfyju71WHj6AkK-2qIRsjd_DwmANeCjnbvZA5oizQlkYnFTumwaj81OQnnEi8wFpOfUVGS2TKcB7G1qiR_0vc='
6391ea673ce0404724678f01,Jodi Benson,0.362,186000,Movie,-9.525,4,b'gAAAAABjkoCaHLXCHjuIJ6GO2OBQU2lYLuop0eIWkdj8pxjVcYkLe4SXjuJzHErIN5gX6ic5vLlKuNhcITwSyZlIs1SvCPIEGGfvK9RPPkQMtm_YbJW98QE='
6391ea673ce0404724678f02,Henri Salvador,0.605,161747,Movie,-19.505,0,b'gAAAAABjkoCaiwDQk2VtjjVJ2lzyEle3sCqVU34LT_cRz2y8Q3cCDhrhAUfCKOwZQSGTQ7haXy223mBDYac6QE_CFIkNNCJVpQ=='
6391ea673ce0404724678f03,Generation B.O.,0.164,341000,Movie,-7.704,7,b'gAAAAABjkoCau8eN0QAzaVisCPbbd2tZVxIlve9uPEjFKWGYLMwO6IeDlC3m3m07otiX67ta6rqZqrm2VdROAVD-4nhfHchSoxt8MhcJj_5sOLKL_BLSalpN95xsalqhkH0AAjP2Wxlv'
6391ea673ce0404724678f04,CÃ©line Languedoc,0.582,226573,Movie,-6.047,0,b'gAAAAABjkoCaOQbjVbIFtTtxzZAY7cGcXxZXG-3lMTWvJdx88ZI_DLCe5MWDwyE7y7uhXGa-NNGGADBgXbLzQLEutUrjYxOxaA=='
6391ea673ce0404724678f05,Chorus,0.617,97867,Movie,-15.17,0,b'gAAAAABjkoCa04mymtRDn6sZ5nC3GnSD-eYPYZ05JtAGeSG3sEesTdsx4ycnIt9gvj0y0gult6If7KPqzMdt-sYTMiHX8rfiLE7h0uKx-5brTbfESvVNQgpmRrWirBSKmF5G1yWqeqyx'
6391ea673ce0404724678f06,Henri Salvador,0.591,153947,Movie,-9.339,8,b'gAAAAABjkoCaSkoPiO6L_YmE6lUqOaChRd-W_B0q5pPBfK3g52afme63ZEtiYPRan4DBWPsB5TyJLkYg-8zTZhpoMQqn1LGKlTbshioy7CdfO_HVJX2SKq4='
6391ea673ce0404724678f07,Lucie Dolene,0.299,169013,Movie,-8.063,0,b'gAAAAABjkoCaFmR42nRbPqqUnQ2Lz-VYWORN5MO_s9LH0U6cN5g6OMvkeJySFvZNAhzgfZDMe-0WNHBfERpi9jmjlR_hdAEqI4BG8Ps2TKs0WH5ADuD9LTeZeZ_vrN1tS86DmqhRXKbd2rVX_JtOrX9fOP9-5uWujUwQQ-7zb0vW6eOnHW5n_WTGdmBudf4wUb2BU8hcM3VKn_FBLkZyH_f9Axlu5wWIbw=='
6391ea673ce0404724678f08,Leopold Stokowski,0.192,695333,Movie,-18.111,0,b'gAAAAABjkoCaAL2yjnVOSHQwpyYtWcK8L9dZxaDtmKHRARFRhyIx2fCIfNmpf56GYLFi-Aq7780_WQQdfp5gMzZD5urWbTFiQMMKc2L3w8fNf9hMtGPPxcNJbZeD8I2GOROwKMHRMpXa'
6391ea673ce0404724678f09,Dominique Tirmont,0.407,132880,Movie,-8.617,0,b'gAAAAABjkoCaAf32rhjx-6gjoWDNYrCgLumejPumaw4jb5NUa6tpP0g1ALIpY0eTNA7vzA_-a3fEdBVDfPmdN6wzmbFusqXAtQ=='
6391ea673ce0404724678f0a,Randy Newman,0.382,115133,Movie,-15.865,0,b'gAAAAABjkoCanWU0IVxuckVGxPekACiERhqdlha_NA3lOXS9tuiH4GP8wlMOrQ547k0j6C-qlmh2YRmh8Bc7vNKNSHbmSm3rV0XPLv91hR4Ps2unzo3C_Iw='
6391ea673ce0404724678f0b,Les HÃ©rissons,0.839,188688,Movie,-10.763,0,b'gAAAAABjkoCav5TpdXm0uh7ai3BIC_Z_vCeEteBgqsATIY0dr8qmpV7YgrxjrvEkqa2eN7puGbZ6XK8D9beECpbsxejymQG8HQ=='
6391ea673ce0404724678f0c,Chorus,0.702,341107,Movie,-8.158,0,b'gAAAAABjkoCaXDflkxqtvZDl5LmAoLryQJ1RJjmPEW7x2YuVNrR6oGkpx6Eskmgd0YL7Y2-avm9X1r8hONQ_BN6emvRf0an4Ag=='
6391ea673ce0404724678f0d,Leopold Stokowski,0.375,295827,Movie,-13.991,0,b'gAAAAABjkoCaCZErw14hiA-YlJfYUsTjp5MiMMGCSDblKy18WUiBCDC1Tw7pjZpsAyw3chi8RINz_hDaei7Jo3_D446kb_8mqhUK_8prW_EsOW4KhkeM59P8vOxNvcoTMKKs_KaM6rttMPJxQI28ALJG0sZAWFwalQ=='
6391ea673ce0404724678f0e,Henri Salvador,0.488,122533,Movie,-8.111,5,b'gAAAAABjkoCabCM7_CnUsBPgKEl5ZkD8RfmCWXoLNRtARN2CCsqm-e98s5Pe_0OF31dbzDkklMvib0KtzBuv1phhvyhNgZJgtr3sTgjqLnIpQ8_BIG6tbp4='
6391ea673ce0404724678f0f,Henri Salvador,0.505,205160,Movie,-15.373,7,b'gAAAAABjkoCaLivKc696bdbwGhzX6WOechZWaE-w2Q7jcQmKwu3wJsS7OtD5g78NE21n-KcA2nk41kBcsAKRnBQwBUV53YAqOw=='
6391ea673ce0404724678f10,Chorus,0.644,423160,Movie,-12.213,0,b'gAAAAABjkoCaJsf216UGt0npjpLfIF5fhc-ZAxPjcq1lA23DwePE88Z_2Qk35fN_nvWAHF6gnHeHDCHYnFwwKpJvg2BEaSnSyA=='
6391ea673ce0404724678f11,Jean Claude Corbel,0.538,265693,Movie,-16.001,0,b'gAAAAABjkoCaYRcJh9VoIyrL8BHxWw9TOZAHLWDO-2__PjbeIDtPULHxafZIcj1GFX4QaIqZlkmNgUNDYadp1DedR_2McAyPzQ=='
6391ea673ce0404724678f12,Anthony Kavanagh,0.726,208973,Movie,-8.369,1,b'gAAAAABjkoCafLnQ02Sw2y2Et6Mydl590U7f27zfQnz4vpuXvqBVbi_FPeaU243Z-3bV-SrgxVItlItzphYnw_bAnCO-Rq6nBA=='
6391ea673ce0404724678f13,Jean Claude Corbel,0.557,588301,Movie,-14.549,1,b'gAAAAABjkoCaHXGpUUKw72MnOh1uLxiV99cnj_6nQ7YLCy7syMU4ggTbJl6gx0dkGpGHDdy8Lg0u1Nf1CDXwgVKT5zglKl4DFg=='
6391ea673ce0404724678f14,Bernard Minet,0.649,245773,Movie,-6.8,1,b'gAAAAABjkoCaV0wt5orhPM36lLSmd817-EaVZRUBOUsUeSRgmh_7tvhjCYeqPsPwLupKyAbBKIJILhjAUelnzvvc48bwMEsqYB-zNrJ_kSntbQHkXOoiK64='
6391ea673ce0404724678f15,Le Club des Juniors,0.711,203247,Movie,-7.253,9,b'gAAAAABjkoCaTikzPm-n_Cg2gdNvVNTuxBeakJgOoRKbXPTjM_Y5xVAWl-YRNCdFxFE2YXTEyghZXImpP_A0oRq1VGYEZg_ZpQ=='
6391ea673ce0404724678f16,Chorus,0.513,160133,Movie,-5.32,0,b'gAAAAABjkoCaKWHIRUh7IrKhbT2TG17CyIZnQxUsyTEEpEdjf0p6jm5ewtm0_-EqCOX5JDBaP4eeUQAIi9_jSP1S53p3RhaKbC154FoRzy5ZnH3htCNoHaQ='
6391ea673ce0404724678f17,Jean Piat,0.693,476307,Movie,-20.824,0,b'gAAAAABjkoCa-xTiXUVUQqziOJj5ld-HdoVw6yZIr104YITvnbWJSyYJGlGp6VsKCc-bGTZSXhhXgy-cLTY_4P2IA5GHE1v1QbV1S2QcooqHY7jQky1PUqYzhl7AXGypF3ajJQivSjWhYFwPM1AYDG7k372n9SMLjg=='
6391ea673ce0404724678f18,Bernard Minet,0.67,205587,Movie,-6.64,1,b'gAAAAABjkoCa69rVQiZ2G4dKyRmbDGHwHmwPReHqljKso0pQfCvvGrkZeCcdKghEaPUn0AzBpyakhau-RyLNctAFEWc77H-B9F4sL_ByHJJZRrLIlH3eloo='
6391ea673ce0404724678f19,Chorus,0.461,131773,Movie,-14.69,0,b'gAAAAABjkoCaZFIWf-Q_wET2VMwY0Ffc-OcTjk0UI79zehR6YInAXPAn2FUL_rPss40hJRlXzei6LmVnm3LtvQ9JAbGxTnSWXevqU0pikZbQ15blzeO_HmGoUGq2sVJPAX5xG4L8PpexN6shLxvkQgwtK9ca_UAwYg=='
6391ea673ce0404724678f1a,Leopold Stokowski,0.44,82173,Movie,-12.671,0,b'gAAAAABjkoCa6uVnkcQL29HgLySDPoXTpOP-ounrd7Dxx1FcoJnv0XfW_Dj5LMzvEi5lZUL3teBKnvIIJVw9wAByLqxDQFJvo74ouOb957vHQobOHiV_xE5Ed10vimecSzm8fCIimHifsvE-k7TXs-3ykpWspwHrdiI9OKuAax2Nx0OF-8EedWs='
6391ea673ce0404724678f1b,Marie-ThÃ©rÃ¨se Orain,0.574,179470,Movie,-10.034,0,b'gAAAAABjkoCaWpwnsEsHjnbD0-2HDksEdJF9WyFC3PqzMRhVbKrkvhJvlff_qdBvRV3HynJCs_NoJ9ZlB_Iq9rwpuiQFjFaf0w=='
6391ea673ce0404724678f1c,Dominique Tirmont,0.412,144253,Movie,-9.367,0,b'gAAAAABjkoCavG16hvY3ygZARKYTl-SNmUW9aseD7zdfBqKadtJdX_krPl5ISDnitq4p2nLkqkaheKG2MeQvP1neUvYqPG92sA=='
6391ea673ce0404724678f1d,Randy Newman,0.512,136120,Movie,-23.948,0,b'gAAAAABjkoCaTuGCtw1f_UzihldVR7AdkbyfswlO3Cn02Ye790UMdmPyMzmvuKhqYgBVU9AJaZd6XE_-l69vyImP9y9VZIVse8hXdg4sHCVaxvNm4sYhyO_PTumMqoT74qLegowj1OHP2_jqfJ52vlOpJnii6CL_wBrBW3RplL4Qeg9MYyMY9O6mNctVCkB_o2TTrYfsa0dU'
6391ea673ce0404724678f1e,Chorus,0.61,229507,Movie,-6.314,0,b'gAAAAABjkoCa6Vs5GBdOfJU3PLg1g1S5elSJPBN3PPjY5oK1-6T0uXta_TRb3nHFqJqEkENOfUjxgR-GVQWj0TEh81s5nS62Fg=='
6391ea673ce0404724678f1f,Henri Salvador,0.338,175280,Movie,-13.417,1,b'gAAAAABjkoCaipXoOFQGLrqWOxM560qrGyzeACBn8TZqpC4Nc-RR6PqETkhmqDYpHSdjbizF4SF-g8xxsVG4rJOksh5gZeV4N1tDDuWPK7nSvAqqqeSviTw='
6391ea673ce0404724678f20,Frank Churchill,0.748,157813,Movie,-16.503,0,b'gAAAAABjkoCaXWHzDU4bVUXPk4h8dYAgYyTeYqTnkvFkWu7pIp4v0Ax8bto5U3VTcOFEfctBD6wnNTbVnabPKXLMFZa3vLX7tqxhJ_s929lo5wCiNGr8QKePhw5R3yA4f4daqubfi1UPUyaZ8kEZIeUnV6m6II8nDzVQxI-czUk8Qat31h9H6N0='
6391ea673ce0404724678f21,Leopold Stokowski,0.0883,1563347,Movie,-17.02,0,b'gAAAAABjkoCa0pzxF0WN0XMcS7C1hdpMTfyMJFoxq02sjzmIMb6S1B68uLxF5M253JN_xvWu5Tcan42yF_p5m9b8ShsR1IpDcw7MXvdASifjQaQHVo8HAaDPv-0xM763vAsTKt0sgt-K9yYD6FZlF0gtPvHF8prArg=='
6391ea673ce0404724678f22,Anthony Kavanagh,0.768,246893,Movie,-6.733,1,b'gAAAAABjkoCa_xFv0_Bbe5Zu6KEeB4EcjUpbKYwU6SnS_7ZHOcmxi_bzCIS79wGl7thWRSweqkduW96XfDs5R2wiyv55emOEKA=='
6391ea673ce0404724678f23,Henri Salvador,0.548,154240,Movie,-15.033,0,b'gAAAAABjkoCav-frMV6clKbJN_nFr8bdQZp6-kqMSTOHMzmnGrlTVewQVgqVrzz1z9G8yFeIPtmy5Fq8yJBJq4ly3sgvxwDFcw=='
6391ea673ce0404724678f24,Bernard Minet,0.646,203964,Movie,-8.223,0,b'gAAAAABjkoCaofipgLCmJpUmvHouETfsW2IfGJ6nWWHxTJtWnSQjB0P-5VQWLIA4sRB53OPsTv_DurJGPIVOdg7-JkArGUwQdQSbDuo04R2-9aOqFNe2fpE='
6391ea673ce0404724678f25,Dominique Tirmont,0.267,116960,Movie,-7.944,0,b'gAAAAABjkoCagSDkFC6U0UpStxUdh0K8rv88vPwXJmcGW4XI0N8vAPOLIoIa2wnCixI2TUt_IlCpncr2WnguOBncfxsydikEvaV_MgWdVkmdQcoMLbTqdx4='
6391ea673ce0404724678f26,Anthony Kavanagh,0.58,235227,Movie,-10.703,4,b'gAAAAABjkoCaqBm_oU8SSZyM65dyY8A7mdOpFc7O1Yddtk4tVPp02uQd3FObo5lVqOtolSqa7Ag5Bc8rxvOQ9MQ1kh9y_AyyYg=='
6391ea673ce0404724678f27,Chorus,0.622,253837,Movie,-4.656,0,b'gAAAAABjkoCaMXc-j8TI_iQGrUVU-ZGqCrEoEU_Y5tUUCeW1VFMYBfxunbsyGLXSqmi53ce2IqnRvEKuDD0nvOYdW6HyNGC4yzhJ3gjkh1ftVnZwYByFBqE='
6391ea673ce0404724678f28,Jean Piat,0.669,404267,Movie,-22.565,0,b'gAAAAABjkoCaZrb_H54gt8ks5Lfv2muvRB5Pr1jSSZ2ocCEIT0KxHtPD2Ts50xBZe6cHs2oWbb38IGk5NHKGbQZlQtKHZkEaJpfyfHm3tsqSZ6bss1wYkMEN1uDCFuhm5x7VxIld26Qm'
6391ea673ce0404724678f29,Henri Salvador,0.619,196293,Movie,-7.35,1,b'gAAAAABjkoCaQJ4wEV23_d7nAA1SnwW9fnIPCxJDKjSKTZFnDd5hh2a6-kwFiSNgpVliq7pf4spQsgyOFRErH5J2kKcGlaTRvQ=='
6391ea673ce0404724678f2a,Henri Salvador,0.471,141177,Movie,-14.248,0,b'gAAAAABjkoCaQgASWwmx-PgZusvL9mZPaRMXBu9z3ZrBr921R1lyhX5r0QhIfzKLofSbWG0OHvTjKaj4pFqkgm-zSZGKhYZsOTwlW9QuxqPhibjOTKFPMnk='
6391ea673ce0404724678f2b,Idoles De La Musique,0.578,218453,Movie,-9.685,0,b'gAAAAABjkoCaFV06p-KlyUnrDIne_pLKOYsEX20bSGZBdBP3PjoEk0Se5eAMmG7-TsOP6Y0ZQuIRnwX0kUNqC2DkNc_ASqBo4w=='
6391ea673ce0404724678f2c,Leopold Stokowski,0.339,361933,Movie,-14.093,0,b'gAAAAABjkoCa2bPhrltsbaxUr9s-kZJiYu23Nr3ixTM8vgWKx123bVjBT3gZRAsHUr7iKWzmY5XoM4CSzpuCHEi4JG-6DsqLUr54lLnyETKYeYVl7wyBmvm7BQLWCRGlJosWoH5GJXjGBKNGNhExHBVTwJXc6jzMgSoS_iU4rBT6aBHnDdzusBU='
6391ea673ce0404724678f2d,Marie-ThÃ©rÃ¨se Orain,0.614,194617,Movie,-8.153,0,b'gAAAAABjkoCa9JwgFfkaFVpt_761s80OUwNMeY2l7V5Ie10D_exRFhvp6lT31GUu-9DUOqH7UA_JhJOR62io7yTGeV6EPCkMzw=='
6391ea673ce0404724678f2e,Henri Salvador,0.358,212784,Movie,-14.792,2,b'gAAAAABjkoCaZBVpD0naq4jmfOuWE-C3YaVQJh3r2cWDOh-Ja7gkTytDu9JQuWRiZShQL-ijEga-gJs8ZAMGdJstwdUv7x9c9eTDBLfzp91iFQ_5YT8oN4M='
6391ea673ce0404724678f2f,Chorus,0.538,212063,Movie,-4.74,0,b'gAAAAABjkoCa5oXVxq699kJrJLyRRt4-ILqkdpTY7qJ2MqW_p2cLzSwCanccd_m1A8NW3MxADgre2y-vFpLGC4Azb8Kqjzqp4cdjAH-urFyf3mxQdkp4pcU='
6391ea673ce0404724678f30,Henri Salvador,0.789,160333,Movie,-11.432,0,b'gAAAAABjkoCaERZKIqhezLg4OIFZIR0jdmeoq0RyWWjavrSblCkVQ2HZ_FEyqJAkZBJeDzGul3qpdNza-1uFrs0p-5i4zTV2Rf0RafGMtatFbW3TLD4R3m4J1t-STg2d1m3kFoUdjtYi'
6391ea673ce0404724678f31,Michel Roux,0.334,297093,Movie,-8.067,0,b'gAAAAABjkoCaxz68luAzl1CpBS-6Q-uiJ8DGIyD-b2Wm9IRABve_hisnatPLMLOQYNWlRmBz0J9QzKwMgG2S72ArT4NHAwgJBtz55sy9M0Je39jsAKKatDfEiX4RvXgxdMu4ixiQL2KePO0-u9kjh8C8aOgiADObPA=='
6391ea673ce0404724678f32,Chorus,0.549,339240,Movie,-5.425,0,b'gAAAAABjkoCaqCyTmC3kwj2nTV1nUfg04ZhY45u_fKnXKHkzPvz3aQJ1VOB-mfeU2dkn_xSRVk83Y3X_r41Em6WJVp-kYj7oXFHTQ0JiSOs03CDZzozP4eY='
6391ea673ce0404724678f33,Henri Salvador,0.673,172627,Movie,-11.69,0,b'gAAAAABjkoCa-S3eKVl6Ure14HkhgJrladoppM-GXrGnvpc51VPPRpSE4_QdVxXz1LpcWYXg42G3t9IG7ROhTJUMc6oqD2zNtLhuxTDEAnLY3Ox9e8L6NQI='
6391ea673ce0404724678f34,Henri Salvador,0.701,208000,Movie,-11.15,0,b'gAAAAABjkoCaf8PvIX4nngOo3rAZDSQzzrdMamgGWQBfYWyGNL4CQnFBMOt2rsyvTTq_Q0HxM8t8z8hyvRpmk9AAwnFRY2AV3Q2iwymQkMD5uwJ-kmoVq9VW5Qxk4gOepx-YRnlplUZI'
6391ea673ce0404724678f35,Henri Salvador,0.758,169645,Movie,-12.045,0,b'gAAAAABjkoCa3FSpzX7TkPxXgYapBNJ9-_QkA6CJC-Copr6bAf3TAamJwmeNcA4Ou6k_xxMVGPXSsfx_0O0sigry0XmPyD337OvbjHI4EuNos9a7gY1Rxms='
6391ea673ce0404724678f36,Martin & les fÃ©es,0.517,153347,Movie,-8.313,3,b'gAAAAABjkoCav_si2v3BCh3MK_qX_-VIU-oCjF6Nr-DlRDOnP94iK0h3xFQK62PMI86_l28XybWfnyahQFw-hh-23a9u18tni6Ga48wznSpPwyGi0z7sL901ocwvwRFZVeyu7zDtogPO'
6391ea673ce0404724678f37,Frank Churchill,0.6,26044,Movie,-23.963,0,b'gAAAAABjkoCa82LejURGe0F4kISm4mxZOTKtbLkyLrWYgJGFyp7ElUPclJiIq8q8M_6KQS2iHlFXDrvXl6f9Uy2ZGBsVek5r9Q=='
6391ea673ce0404724678f38,Henri Salvador,0.432,157853,Movie,-8.737,9,b'gAAAAABjkoCauw3GNFyTpw30e87h3tbuUWYzkjvz1QVUxggT7LOKBxzikrkYGsUfqQICDSZ5QXLWUg3nj_P4_8p83XS2wR7oyVBXs5WNlV1wT1wybDfVZm4='
